No.,Time,Source,Destination,Protocol,Length,Info
1933,6.282087,10.1.10.11,104.198.218.190,TLSv1.2,434,Client Hello
1943,6.322755,10.1.10.11,172.217.6.238,TLSv1.2,531,Client Hello
1947,6.331073,104.198.218.190,10.1.10.11,TLSv1.2,1474,"Server Hello, Certificate"
1948,6.331078,104.198.218.190,10.1.10.11,TLSv1.2,222,"Server Key Exchange, Server Hello Done"
1951,6.33543,10.1.10.11,172.217.6.238,TLSv1.2,531,Client Hello
1954,6.342104,172.217.6.238,10.1.10.11,TLSv1.2,178,"Server Hello, Change Cipher Spec, Hello Request, Hello Request"
1956,6.345925,10.1.10.11,104.198.218.190,TLSv1.2,180,"Client Key Exchange, Change Cipher Spec, Hello Request, Hello Request"
1957,6.346492,10.1.10.11,104.198.218.190,TLSv1.2,441,Application Data
1958,6.348585,10.1.10.11,172.217.6.238,TLSv1.2,105,"Change Cipher Spec, Hello Request, Hello Request"
1959,6.351369,10.1.10.11,172.217.6.238,TLSv1.2,141,Application Data
1960,6.35193,10.1.10.11,172.217.6.238,TLSv1.2,737,Application Data
1963,6.356648,172.217.6.238,10.1.10.11,TLSv1.2,178,"Server Hello, Change Cipher Spec, Hello Request, Hello Request"
1966,6.358106,10.1.10.11,172.217.6.238,TLSv1.2,105,"Change Cipher Spec, Hello Request, Hello Request"
1968,6.361005,10.1.10.11,172.217.6.238,TLSv1.2,141,Application Data
1971,6.374182,172.217.6.238,10.1.10.11,TLSv1.2,123,Application Data
1972,6.374185,172.217.6.238,10.1.10.11,TLSv1.2,92,Application Data
1973,6.374185,172.217.6.238,10.1.10.11,TLSv1.2,300,Application Data
1974,6.374187,172.217.6.238,10.1.10.11,TLSv1.2,127,Application Data
1975,6.374188,172.217.6.238,10.1.10.11,TLSv1.2,100,Application Data
1977,6.374918,10.1.10.11,172.217.6.238,TLSv1.2,92,Application Data
1978,6.375088,10.1.10.11,172.217.6.238,TLSv1.2,100,Application Data
1980,6.382661,172.217.6.238,10.1.10.11,TLSv1.2,123,Application Data
1983,6.387264,10.1.10.11,172.217.6.238,TLSv1.2,92,Application Data
1984,6.391125,10.1.10.11,172.217.6.238,TLSv1.2,568,Application Data
1986,6.397254,104.198.218.190,10.1.10.11,TLSv1.2,296,"New Session Ticket, Change Cipher Spec, Encrypted Handshake Message"
1989,6.407203,172.217.6.238,10.1.10.11,TLSv1.2,92,Application Data
1991,6.409697,172.217.6.238,10.1.10.11,TLSv1.2,105,Application Data
1992,6.409699,172.217.6.238,10.1.10.11,TLSv1.2,127,Application Data
1993,6.4097,172.217.6.238,10.1.10.11,TLSv1.2,100,Application Data
1995,6.410251,10.1.10.11,172.217.6.238,TLSv1.2,100,Application Data
2000,6.442248,104.198.218.190,10.1.10.11,TLSv1.2,212,Application Data
2011,6.488398,10.1.10.11,104.198.218.190,TLSv1.2,142,Application Data
2545,8.553485,10.1.10.11,104.198.218.190,TLSv1.2,983,Application Data
2570,8.623223,10.1.10.11,104.198.218.190,TLSv1.2,983,Application Data
2601,8.713083,10.1.10.11,104.198.218.190,TLSv1.2,983,Application Data
2635,8.792722,10.1.10.11,104.198.218.190,TLSv1.2,983,Application Data
2673,8.883951,10.1.10.11,104.198.218.190,TLSv1.2,983,Application Data
2720,8.965162,10.1.10.11,104.198.218.190,TLSv1.2,983,Application Data
2766,9.052684,10.1.10.11,104.198.218.190,TLSv1.2,983,Application Data
2768,9.053093,104.198.218.190,10.1.10.11,TLSv1.2,118,Application Data
2807,9.14355,10.1.10.11,104.198.218.190,TLSv1.2,983,Application Data
2846,9.222791,10.1.10.11,104.198.218.190,TLSv1.2,983,Application Data
2857,9.244887,104.198.218.190,10.1.10.11,TLSv1.2,123,Application Data
2886,9.312886,10.1.10.11,104.198.218.190,TLSv1.2,983,Application Data
2887,9.314115,104.198.218.190,10.1.10.11,TLSv1.2,125,Application Data
2931,9.393652,10.1.10.11,104.198.218.190,TLSv1.2,983,Application Data
2979,9.4826,10.1.10.11,104.198.218.190,TLSv1.2,983,Application Data
3021,9.562867,10.1.10.11,104.198.218.190,TLSv1.2,983,Application Data
3063,9.659185,10.1.10.11,104.198.218.190,TLSv1.2,983,Application Data
3095,9.732738,10.1.10.11,104.198.218.190,TLSv1.2,983,Application Data
3096,9.740836,104.198.218.190,10.1.10.11,TLSv1.2,129,Application Data
3120,9.815761,104.198.218.190,10.1.10.11,TLSv1.2,118,Application Data
3128,9.823103,10.1.10.11,104.198.218.190,TLSv1.2,983,Application Data
3140,9.864596,104.198.218.190,10.1.10.11,TLSv1.2,262,"Application Data, Application Data, Application Data"
3163,9.902911,10.1.10.11,104.198.218.190,TLSv1.2,983,Application Data
3194,9.992738,10.1.10.11,104.198.218.190,TLSv1.2,983,Application Data
3195,9.993303,104.198.218.190,10.1.10.11,TLSv1.2,125,Application Data
3217,10.039815,104.198.218.190,10.1.10.11,TLSv1.2,124,Application Data
3230,10.073586,10.1.10.11,104.198.218.190,TLSv1.2,983,Application Data
3259,10.163489,10.1.10.11,104.198.218.190,TLSv1.2,983,Application Data
3266,10.18305,104.198.218.190,10.1.10.11,TLSv1.2,125,Application Data
3284,10.227609,104.198.218.190,10.1.10.11,TLSv1.2,119,Application Data
3293,10.243876,10.1.10.11,104.198.218.190,TLSv1.2,983,Application Data
3303,10.280707,104.198.218.190,10.1.10.11,TLSv1.2,129,Application Data
3328,10.333334,10.1.10.11,104.198.218.190,TLSv1.2,983,Application Data
3332,10.347166,104.198.218.190,10.1.10.11,TLSv1.2,129,Application Data
3351,10.392242,104.198.218.190,10.1.10.11,TLSv1.2,127,Application Data
3365,10.422751,10.1.10.11,104.198.218.190,TLSv1.2,983,Application Data
3371,10.436447,104.198.218.190,10.1.10.11,TLSv1.2,202,"Application Data, Application Data"
3386,10.482413,104.198.218.190,10.1.10.11,TLSv1.2,203,"Application Data, Application Data"
3397,10.503323,10.1.10.11,104.198.218.190,TLSv1.2,983,Application Data
3426,10.592356,10.1.10.11,104.198.218.190,TLSv1.2,983,Application Data
3460,10.672807,10.1.10.11,104.198.218.190,TLSv1.2,983,Application Data
3464,10.691388,104.198.218.190,10.1.10.11,TLSv1.2,129,Application Data
3481,10.737242,104.198.218.190,10.1.10.11,TLSv1.2,130,Application Data
3497,10.769382,10.1.10.11,104.198.218.190,TLSv1.2,983,Application Data
3502,10.782165,104.198.218.190,10.1.10.11,TLSv1.2,203,"Application Data, Application Data"
3525,10.843001,10.1.10.11,104.198.218.190,TLSv1.2,983,Application Data
3531,10.866238,104.198.218.190,10.1.10.11,TLSv1.2,129,Application Data
3548,10.919818,104.198.218.190,10.1.10.11,TLSv1.2,133,Application Data
3560,10.938328,10.1.10.11,104.198.218.190,TLSv1.2,983,Application Data
3590,11.012893,10.1.10.11,104.198.218.190,TLSv1.2,983,Application Data
3596,11.036282,104.198.218.190,10.1.10.11,TLSv1.2,142,Application Data
3616,11.079803,104.198.218.190,10.1.10.11,TLSv1.2,123,Application Data
3628,11.102926,10.1.10.11,104.198.218.190,TLSv1.2,983,Application Data
3659,11.182802,10.1.10.11,104.198.218.190,TLSv1.2,983,Application Data
3692,11.272917,10.1.10.11,104.198.218.190,TLSv1.2,983,Application Data
3699,11.281638,104.198.218.190,10.1.10.11,TLSv1.2,142,Application Data
3713,11.326216,104.198.218.190,10.1.10.11,TLSv1.2,289,"Application Data, Application Data, Application Data"
3725,11.352549,10.1.10.11,104.198.218.190,TLSv1.2,983,Application Data
3730,11.372076,104.198.218.190,10.1.10.11,TLSv1.2,380,"Application Data, Application Data, Application Data, Application Data"
3745,11.428443,104.198.218.190,10.1.10.11,TLSv1.2,147,Application Data
3759,11.445271,10.1.10.11,104.198.218.190,TLSv1.2,983,Application Data
3769,11.473946,104.198.218.190,10.1.10.11,TLSv1.2,291,"Application Data, Application Data, Application Data"
3794,11.530337,10.1.10.11,104.198.218.190,TLSv1.2,983,Application Data
3823,11.614431,10.1.10.11,104.198.218.190,TLSv1.2,983,Application Data
3825,11.617162,104.198.218.190,10.1.10.11,TLSv1.2,150,Application Data
3839,11.661784,104.198.218.190,10.1.10.11,TLSv1.2,291,"Application Data, Application Data, Application Data"
3854,11.702914,10.1.10.11,104.198.218.190,TLSv1.2,983,Application Data
3883,11.782868,10.1.10.11,104.198.218.190,TLSv1.2,983,Application Data
3885,11.783605,104.198.218.190,10.1.10.11,TLSv1.2,150,Application Data
3901,11.829805,104.198.218.190,10.1.10.11,TLSv1.2,299,"Application Data, Application Data, Application Data"
3919,11.872639,10.1.10.11,104.198.218.190,TLSv1.2,983,Application Data
3920,11.874362,104.198.218.190,10.1.10.11,TLSv1.2,227,"Application Data, Application Data"
3945,11.949897,104.198.218.190,10.1.10.11,TLSv1.2,150,Application Data
3953,11.953224,10.1.10.11,104.198.218.190,TLSv1.2,983,Application Data
3961,11.996787,104.198.218.190,10.1.10.11,TLSv1.2,131,Application Data
3983,12.043209,10.1.10.11,104.198.218.190,TLSv1.2,983,Application Data
4013,12.122997,10.1.10.11,104.198.218.190,TLSv1.2,983,Application Data
4017,12.14015,104.198.218.190,10.1.10.11,TLSv1.2,150,Application Data
4039,12.187607,104.198.218.190,10.1.10.11,TLSv1.2,135,Application Data
4052,12.212889,10.1.10.11,104.198.218.190,TLSv1.2,983,Application Data
4082,12.292838,10.1.10.11,104.198.218.190,TLSv1.2,983,Application Data
4085,12.297879,104.198.218.190,10.1.10.11,TLSv1.2,150,Application Data
4095,12.341705,104.198.218.190,10.1.10.11,TLSv1.2,313,"Application Data, Application Data, Application Data"
4113,12.382895,10.1.10.11,104.198.218.190,TLSv1.2,983,Application Data
4138,12.459551,104.198.218.190,10.1.10.11,TLSv1.2,159,Application Data
4147,12.463834,10.1.10.11,104.198.218.190,TLSv1.2,983,Application Data
4159,12.504831,104.198.218.190,10.1.10.11,TLSv1.2,305,"Application Data, Application Data, Application Data"
4177,12.559242,104.198.218.190,10.1.10.11,TLSv1.2,166,Application Data
4186,12.562555,10.1.10.11,104.198.218.190,TLSv1.2,983,Application Data
4200,12.605458,104.198.218.190,10.1.10.11,TLSv1.2,122,Application Data
4217,12.632942,10.1.10.11,104.198.218.190,TLSv1.2,983,Application Data
4248,12.740961,104.198.218.190,10.1.10.11,TLSv1.2,166,Application Data
4256,12.746362,10.1.10.11,104.198.218.190,TLSv1.2,983,Application Data
4265,12.78534,104.198.218.190,10.1.10.11,TLSv1.2,123,Application Data
4281,12.804198,10.1.10.11,104.198.218.190,TLSv1.2,983,Application Data
4293,12.8437,104.198.218.190,10.1.10.11,TLSv1.2,166,Application Data
4308,12.887823,104.198.218.190,10.1.10.11,TLSv1.2,126,Application Data
4316,12.893034,10.1.10.11,104.198.218.190,TLSv1.2,983,Application Data
4340,12.968979,104.198.218.190,10.1.10.11,TLSv1.2,166,Application Data
4349,12.983646,10.1.10.11,104.198.218.190,TLSv1.2,983,Application Data
4355,13.013125,104.198.218.190,10.1.10.11,TLSv1.2,314,"Application Data, Application Data, Application Data"
4380,13.064857,10.1.10.11,104.198.218.190,TLSv1.2,983,Application Data
4411,13.15273,10.1.10.11,104.198.218.190,TLSv1.2,983,Application Data
4437,13.235325,10.1.10.11,104.198.218.190,TLSv1.2,983,Application Data
4472,13.3229,10.1.10.11,104.198.218.190,TLSv1.2,983,Application Data
4475,13.335529,104.198.218.190,10.1.10.11,TLSv1.2,171,Application Data
4493,13.38413,104.198.218.190,10.1.10.11,TLSv1.2,319,"Application Data, Application Data, Application Data"
4508,13.404145,10.1.10.11,104.198.218.190,TLSv1.2,983,Application Data
4515,13.433189,104.198.218.190,10.1.10.11,TLSv1.2,246,"Application Data, Application Data"
4542,13.49273,10.1.10.11,104.198.218.190,TLSv1.2,983,Application Data
4574,13.573074,10.1.10.11,104.198.218.190,TLSv1.2,983,Application Data
4577,13.573502,104.198.218.190,10.1.10.11,TLSv1.2,173,Application Data
4594,13.622468,104.198.218.190,10.1.10.11,TLSv1.2,325,"Application Data, Application Data, Application Data"
4616,13.668214,10.1.10.11,104.198.218.190,TLSv1.2,983,Application Data
4621,13.690899,104.198.218.190,10.1.10.11,TLSv1.2,180,Application Data
4642,13.734864,104.198.218.190,10.1.10.11,TLSv1.2,125,Application Data
4653,13.742536,10.1.10.11,104.198.218.190,TLSv1.2,983,Application Data
4660,13.778339,104.198.218.190,10.1.10.11,TLSv1.2,254,"Application Data, Application Data"
4686,13.833461,10.1.10.11,104.198.218.190,TLSv1.2,983,Application Data
4713,13.913428,10.1.10.11,104.198.218.190,TLSv1.2,983,Application Data
4748,14.009191,10.1.10.11,104.198.218.190,TLSv1.2,983,Application Data
4780,14.082704,10.1.10.11,104.198.218.190,TLSv1.2,983,Application Data
4817,14.172669,10.1.10.11,104.198.218.190,TLSv1.2,983,Application Data
4822,14.183983,104.198.218.190,10.1.10.11,TLSv1.2,180,Application Data
4843,14.228063,104.198.218.190,10.1.10.11,TLSv1.2,130,Application Data
4861,14.263474,10.1.10.11,104.198.218.190,TLSv1.2,983,Application Data
4896,14.345624,10.1.10.11,104.198.218.190,TLSv1.2,983,Application Data
4931,14.43468,10.1.10.11,104.198.218.190,TLSv1.2,983,Application Data
4932,14.435382,104.198.218.190,10.1.10.11,TLSv1.2,180,Application Data
4950,14.4845,104.198.218.190,10.1.10.11,TLSv1.2,339,"Application Data, Application Data, Application Data"
4981,14.52282,10.1.10.11,104.198.218.190,TLSv1.2,983,Application Data
4984,14.535483,104.198.218.190,10.1.10.11,TLSv1.2,180,Application Data
5019,14.580134,104.198.218.190,10.1.10.11,TLSv1.2,135,Application Data
5038,14.604311,10.1.10.11,104.198.218.190,TLSv1.2,983,Application Data
5117,14.686085,10.1.10.11,104.198.218.190,TLSv1.2,983,Application Data
5183,14.773162,10.1.10.11,104.198.218.190,TLSv1.2,983,Application Data
5238,14.852695,10.1.10.11,104.198.218.190,TLSv1.2,983,Application Data
5270,14.944124,10.1.10.11,104.198.218.190,TLSv1.2,983,Application Data
5277,14.956826,104.198.218.190,10.1.10.11,TLSv1.2,180,Application Data
5299,15.001086,104.198.218.190,10.1.10.11,TLSv1.2,139,Application Data
5312,15.022935,10.1.10.11,104.198.218.190,TLSv1.2,983,Application Data
5323,15.04466,104.198.218.190,10.1.10.11,TLSv1.2,481,"Application Data, Application Data, Application Data, Application Data"
5352,15.11168,104.198.218.190,10.1.10.11,TLSv1.2,200,Application Data
5359,15.11274,10.1.10.11,104.198.218.190,TLSv1.2,983,Application Data
5382,15.165542,104.198.218.190,10.1.10.11,TLSv1.2,123,Application Data
5405,15.192671,10.1.10.11,104.198.218.190,TLSv1.2,983,Application Data
5432,15.283233,104.198.218.190,10.1.10.11,TLSv1.2,200,Application Data
5440,15.288585,10.1.10.11,104.198.218.190,TLSv1.2,983,Application Data
5447,15.325971,104.198.218.190,10.1.10.11,TLSv1.2,128,Application Data
5473,15.362754,10.1.10.11,104.198.218.190,TLSv1.2,983,Application Data
5488,15.384278,104.198.218.190,10.1.10.11,TLSv1.2,200,Application Data
5513,15.428101,104.198.218.190,10.1.10.11,TLSv1.2,128,Application Data
5532,15.461401,10.1.10.11,104.198.218.190,TLSv1.2,983,Application Data
5591,15.542899,10.1.10.11,104.198.218.190,TLSv1.2,983,Application Data
5604,15.564459,104.198.218.190,10.1.10.11,TLSv1.2,200,Application Data
5632,15.608147,104.198.218.190,10.1.10.11,TLSv1.2,353,"Application Data, Application Data, Application Data"
5651,15.62308,10.1.10.11,104.198.218.190,TLSv1.2,983,Application Data
5669,15.654823,104.198.218.190,10.1.10.11,TLSv1.2,277,"Application Data, Application Data"
5713,15.712675,10.1.10.11,104.198.218.190,TLSv1.2,983,Application Data
5717,15.720374,104.198.218.190,10.1.10.11,TLSv1.2,208,Application Data
5767,15.768397,104.198.218.190,10.1.10.11,TLSv1.2,125,Application Data
5794,15.794922,10.1.10.11,104.198.218.190,TLSv1.2,983,Application Data
5808,15.816259,104.198.218.190,10.1.10.11,TLSv1.2,280,"Application Data, Application Data"
5855,15.859955,104.198.218.190,10.1.10.11,TLSv1.2,507,"Application Data, Application Data, Application Data, Application Data"
5875,15.882777,10.1.10.11,104.198.218.190,TLSv1.2,983,Application Data
5923,15.963078,10.1.10.11,104.198.218.190,TLSv1.2,983,Application Data
5933,15.977388,104.198.218.190,10.1.10.11,TLSv1.2,215,Application Data
5962,16.022951,104.198.218.190,10.1.10.11,TLSv1.2,355,"Application Data, Application Data, Application Data"
5987,16.052574,10.1.10.11,104.198.218.190,TLSv1.2,983,Application Data
6059,16.132524,10.1.10.11,104.198.218.190,TLSv1.2,983,Application Data
6108,16.222497,10.1.10.11,104.198.218.190,TLSv1.2,983,Application Data
6114,16.233246,104.198.218.190,10.1.10.11,TLSv1.2,215,Application Data
6131,16.280296,104.198.218.190,10.1.10.11,TLSv1.2,132,Application Data
6149,16.302816,10.1.10.11,104.198.218.190,TLSv1.2,983,Application Data
6160,16.329941,104.198.218.190,10.1.10.11,TLSv1.2,293,"Application Data, Application Data"
6193,16.393345,10.1.10.11,104.198.218.190,TLSv1.2,983,Application Data
6225,16.47082,104.198.218.190,10.1.10.11,TLSv1.2,215,Application Data
6232,16.472772,10.1.10.11,104.198.218.190,TLSv1.2,983,Application Data
6245,16.516506,104.198.218.190,10.1.10.11,TLSv1.2,133,Application Data
6274,16.56867,10.1.10.11,104.198.218.190,TLSv1.2,983,Application Data
6308,16.655557,10.1.10.11,104.198.218.190,TLSv1.2,983,Application Data
6347,16.73378,10.1.10.11,104.198.218.190,TLSv1.2,983,Application Data
6424,16.829338,10.1.10.11,104.198.218.190,TLSv1.2,983,Application Data
6511,16.904846,10.1.10.11,104.198.218.190,TLSv1.2,983,Application Data
6598,16.9937,10.1.10.11,104.198.218.190,TLSv1.2,983,Application Data
6627,17.012541,104.198.218.190,10.1.10.11,TLSv1.2,233,Application Data
6683,17.058663,104.198.218.190,10.1.10.11,TLSv1.2,117,Application Data
6704,17.081072,10.1.10.11,104.198.218.190,TLSv1.2,983,Application Data
6739,17.103203,104.198.218.190,10.1.10.11,TLSv1.2,301,"Application Data, Application Data"
6804,17.163129,10.1.10.11,104.198.218.190,TLSv1.2,983,Application Data
6895,17.245277,10.1.10.11,104.198.218.190,TLSv1.2,983,Application Data
6920,17.266471,104.198.218.190,10.1.10.11,TLSv1.2,233,Application Data
6968,17.310549,104.198.218.190,10.1.10.11,TLSv1.2,126,Application Data
6988,17.332848,10.1.10.11,104.198.218.190,TLSv1.2,983,Application Data
7024,17.362619,104.198.218.190,10.1.10.11,TLSv1.2,304,"Application Data, Application Data"
7069,17.412482,10.1.10.11,104.198.218.190,TLSv1.2,983,Application Data
7082,17.423743,104.198.218.190,10.1.10.11,TLSv1.2,233,Application Data
7128,17.470319,104.198.218.190,10.1.10.11,TLSv1.2,131,Application Data
7166,17.503095,10.1.10.11,104.198.218.190,TLSv1.2,983,Application Data
7176,17.514792,104.198.218.190,10.1.10.11,TLSv1.2,564,"Application Data, Application Data, Application Data, Application Data"
7212,17.582568,10.1.10.11,104.198.218.190,TLSv1.2,983,Application Data
7213,17.588005,104.198.218.190,10.1.10.11,TLSv1.2,235,Application Data
7236,17.636602,104.198.218.190,10.1.10.11,TLSv1.2,129,Application Data
7254,17.672579,10.1.10.11,104.198.218.190,TLSv1.2,983,Application Data
7287,17.752714,10.1.10.11,104.198.218.190,TLSv1.2,983,Application Data
7295,17.774088,104.198.218.190,10.1.10.11,TLSv1.2,235,Application Data
7311,17.820238,104.198.218.190,10.1.10.11,TLSv1.2,132,Application Data
7324,17.842737,10.1.10.11,104.198.218.190,TLSv1.2,983,Application Data
7359,17.923243,10.1.10.11,104.198.218.190,TLSv1.2,983,Application Data
7407,18.012814,10.1.10.11,104.198.218.190,TLSv1.2,983,Application Data
7448,18.075654,104.198.218.190,10.1.10.11,TLSv1.2,235,Application Data
7468,18.103307,10.1.10.11,104.198.218.190,TLSv1.2,983,Application Data
7477,18.123671,104.198.218.190,10.1.10.11,TLSv1.2,394,"Application Data, Application Data, Application Data"
7493,18.177614,104.198.218.190,10.1.10.11,TLSv1.2,240,Application Data
7508,18.192499,10.1.10.11,104.198.218.190,TLSv1.2,983,Application Data
7517,18.222973,104.198.218.190,10.1.10.11,TLSv1.2,130,Application Data
7540,18.266879,104.198.218.190,10.1.10.11,TLSv1.2,318,"Application Data, Application Data"
7549,18.273321,10.1.10.11,104.198.218.190,TLSv1.2,983,Application Data
7592,18.357236,104.198.218.190,10.1.10.11,TLSv1.2,249,Application Data
7599,18.360563,10.1.10.11,104.198.218.190,TLSv1.2,983,Application Data
7627,18.40219,104.198.218.190,10.1.10.11,TLSv1.2,121,Application Data
7667,18.443592,10.1.10.11,104.198.218.190,TLSv1.2,983,Application Data
7728,18.532364,10.1.10.11,104.198.218.190,TLSv1.2,983,Application Data
7778,18.615129,104.198.218.190,10.1.10.11,TLSv1.2,249,Application Data
7799,18.625015,10.1.10.11,104.198.218.190,TLSv1.2,983,Application Data
7813,18.660026,104.198.218.190,10.1.10.11,TLSv1.2,129,Application Data
7837,18.692703,10.1.10.11,104.198.218.190,TLSv1.2,983,Application Data
7875,18.782928,10.1.10.11,104.198.218.190,TLSv1.2,983,Application Data
7877,18.784973,104.198.218.190,10.1.10.11,TLSv1.2,249,Application Data
7899,18.838037,104.198.218.190,10.1.10.11,TLSv1.2,126,Application Data
7918,18.868012,10.1.10.11,104.198.218.190,TLSv1.2,983,Application Data
7934,18.910857,104.198.218.190,10.1.10.11,TLSv1.2,249,Application Data
7967,18.952799,10.1.10.11,104.198.218.190,TLSv1.2,983,Application Data
7971,18.954011,104.198.218.190,10.1.10.11,TLSv1.2,123,Application Data
8027,19.033042,10.1.10.11,104.198.218.190,TLSv1.2,983,Application Data
8030,19.041718,104.198.218.190,10.1.10.11,TLSv1.2,249,Application Data
8051,19.086312,104.198.218.190,10.1.10.11,TLSv1.2,132,Application Data
8064,19.122531,10.1.10.11,104.198.218.190,TLSv1.2,983,Application Data
8066,19.131048,104.198.218.190,10.1.10.11,TLSv1.2,331,"Application Data, Application Data"
8084,19.176169,104.198.218.190,10.1.10.11,TLSv1.2,609,"Application Data, Application Data, Application Data, Application Data"
8103,19.202493,10.1.10.11,104.198.218.190,TLSv1.2,983,Application Data
8108,19.220332,104.198.218.190,10.1.10.11,TLSv1.2,332,"Application Data, Application Data"
8150,19.292892,10.1.10.11,104.198.218.190,TLSv1.2,983,Application Data
8196,19.376198,104.198.218.190,10.1.10.11,TLSv1.2,271,Application Data
8207,19.389263,10.1.10.11,104.198.218.190,TLSv1.2,983,Application Data
8260,19.465569,10.1.10.11,104.198.218.190,TLSv1.2,983,Application Data
8316,19.552972,10.1.10.11,104.198.218.190,TLSv1.2,983,Application Data
8349,19.633179,10.1.10.11,104.198.218.190,TLSv1.2,983,Application Data
8353,19.642263,104.198.218.190,10.1.10.11,TLSv1.2,271,Application Data
8394,19.690465,104.198.218.190,10.1.10.11,TLSv1.2,125,Application Data
8432,19.724013,10.1.10.11,104.198.218.190,TLSv1.2,983,Application Data
8509,19.803459,10.1.10.11,104.198.218.190,TLSv1.2,983,Application Data
8607,19.894229,10.1.10.11,104.198.218.190,TLSv1.2,983,Application Data
8653,19.975136,10.1.10.11,104.198.218.190,TLSv1.2,983,Application Data
8656,19.977587,104.198.218.190,10.1.10.11,TLSv1.2,271,Application Data
8696,20.026068,104.198.218.190,10.1.10.11,TLSv1.2,131,Application Data
8713,20.06293,10.1.10.11,104.198.218.190,TLSv1.2,983,Application Data
8715,20.073176,104.198.218.190,10.1.10.11,TLSv1.2,271,Application Data
8736,20.121436,104.198.218.190,10.1.10.11,TLSv1.2,430,"Application Data, Application Data, Application Data"
8748,20.144821,10.1.10.11,104.198.218.190,TLSv1.2,983,Application Data
8798,20.232527,10.1.10.11,104.198.218.190,TLSv1.2,983,Application Data
8818,20.246899,104.198.218.190,10.1.10.11,TLSv1.2,274,Application Data
8869,20.293993,104.198.218.190,10.1.10.11,TLSv1.2,132,Application Data
8896,20.313016,10.1.10.11,104.198.218.190,TLSv1.2,983,Application Data
8919,20.340456,104.198.218.190,10.1.10.11,TLSv1.2,356,"Application Data, Application Data"
8981,20.40214,104.198.218.190,10.1.10.11,TLSv1.2,274,Application Data
8989,20.403202,10.1.10.11,104.198.218.190,TLSv1.2,983,Application Data
9023,20.448909,104.198.218.190,10.1.10.11,TLSv1.2,139,Application Data
9063,20.483343,10.1.10.11,104.198.218.190,TLSv1.2,983,Application Data
9072,20.510017,104.198.218.190,10.1.10.11,TLSv1.2,282,Application Data
9093,20.557101,104.198.218.190,10.1.10.11,TLSv1.2,129,Application Data
9106,20.572849,10.1.10.11,104.198.218.190,TLSv1.2,983,Application Data
9151,20.662446,10.1.10.11,104.198.218.190,TLSv1.2,983,Application Data
9153,20.668975,104.198.218.190,10.1.10.11,TLSv1.2,288,Application Data
9171,20.714301,104.198.218.190,10.1.10.11,TLSv1.2,426,"Application Data, Application Data, Application Data"
9190,20.743357,10.1.10.11,104.198.218.190,TLSv1.2,983,Application Data
9235,20.833254,10.1.10.11,104.198.218.190,TLSv1.2,983,Application Data
9240,20.846736,104.198.218.190,10.1.10.11,TLSv1.2,291,Application Data
9258,20.892438,104.198.218.190,10.1.10.11,TLSv1.2,428,"Application Data, Application Data, Application Data"
9271,20.917928,10.1.10.11,104.198.218.190,TLSv1.2,983,Application Data
9279,20.936282,104.198.218.190,10.1.10.11,TLSv1.2,678,"Application Data, Application Data, Application Data, Application Data"
9317,21.002595,10.1.10.11,104.198.218.190,TLSv1.2,983,Application Data
9322,21.01466,104.198.218.190,10.1.10.11,TLSv1.2,291,Application Data
9343,21.063862,104.198.218.190,10.1.10.11,TLSv1.2,129,Application Data
9359,21.084861,10.1.10.11,104.198.218.190,TLSv1.2,983,Application Data
9369,21.108899,104.198.218.190,10.1.10.11,TLSv1.2,687,"Application Data, Application Data, Application Data, Application Data"
9395,21.172499,10.1.10.11,104.198.218.190,TLSv1.2,983,Application Data
9428,21.253538,10.1.10.11,104.198.218.190,TLSv1.2,983,Application Data
9432,21.267588,104.198.218.190,10.1.10.11,TLSv1.2,291,Application Data
9446,21.310767,104.198.218.190,10.1.10.11,TLSv1.2,130,Application Data
9462,21.342858,10.1.10.11,104.198.218.190,TLSv1.2,983,Application Data
9493,21.422888,10.1.10.11,104.198.218.190,TLSv1.2,983,Application Data
9527,21.51276,10.1.10.11,104.198.218.190,TLSv1.2,983,Application Data
9559,21.592919,10.1.10.11,104.198.218.190,TLSv1.2,983,Application Data
9594,21.682671,10.1.10.11,104.198.218.190,TLSv1.2,983,Application Data
9625,21.762955,10.1.10.11,104.198.218.190,TLSv1.2,983,Application Data
9654,21.858574,10.1.10.11,104.198.218.190,TLSv1.2,983,Application Data
9656,21.866072,104.198.218.190,10.1.10.11,TLSv1.2,306,Application Data
9683,21.949617,10.1.10.11,104.198.218.190,TLSv1.2,983,Application Data
9704,22.026445,10.1.10.11,104.198.218.190,TLSv1.2,983,Application Data
9734,22.113792,10.1.10.11,104.198.218.190,TLSv1.2,983,Application Data
9738,22.136662,104.198.218.190,10.1.10.11,TLSv1.2,306,Application Data
9762,22.180251,104.198.218.190,10.1.10.11,TLSv1.2,122,Application Data
9773,22.197795,10.1.10.11,104.198.218.190,TLSv1.2,983,Application Data
9804,22.282814,10.1.10.11,104.198.218.190,TLSv1.2,983,Application Data
9832,22.362959,10.1.10.11,104.198.218.190,TLSv1.2,983,Application Data
9835,22.364011,104.198.218.190,10.1.10.11,TLSv1.2,306,Application Data
9850,22.412594,104.198.218.190,10.1.10.11,TLSv1.2,455,"Application Data, Application Data, Application Data"
9871,22.452842,10.1.10.11,104.198.218.190,TLSv1.2,983,Application Data
9872,22.461647,104.198.218.190,10.1.10.11,TLSv1.2,306,Application Data
9906,22.50671,104.198.218.190,10.1.10.11,TLSv1.2,132,Application Data
9930,22.532619,10.1.10.11,104.198.218.190,TLSv1.2,983,Application Data
9973,22.622721,10.1.10.11,104.198.218.190,TLSv1.2,983,Application Data
10024,22.702831,10.1.10.11,104.198.218.190,TLSv1.2,983,Application Data
10026,22.710436,104.198.218.190,10.1.10.11,TLSv1.2,313,Application Data
10046,22.758945,104.198.218.190,10.1.10.11,TLSv1.2,125,Application Data
10064,22.792458,10.1.10.11,104.198.218.190,TLSv1.2,983,Application Data
10070,22.808039,104.198.218.190,10.1.10.11,TLSv1.2,390,"Application Data, Application Data"
10098,22.874121,10.1.10.11,104.198.218.190,TLSv1.2,983,Application Data
10134,22.96264,10.1.10.11,104.198.218.190,TLSv1.2,983,Application Data
10166,23.042756,10.1.10.11,104.198.218.190,TLSv1.2,983,Application Data
10168,23.056606,104.198.218.190,10.1.10.11,TLSv1.2,323,Application Data
10187,23.100193,104.198.218.190,10.1.10.11,TLSv1.2,122,Application Data
10204,23.132598,10.1.10.11,104.198.218.190,TLSv1.2,983,Application Data
10242,23.223424,10.1.10.11,104.198.218.190,TLSv1.2,983,Application Data
10270,23.302751,10.1.10.11,104.198.218.190,TLSv1.2,983,Application Data
10302,23.395105,10.1.10.11,104.198.218.190,TLSv1.2,983,Application Data
10333,23.472537,10.1.10.11,104.198.218.190,TLSv1.2,983,Application Data
10339,23.496145,104.198.218.190,10.1.10.11,TLSv1.2,323,Application Data
10361,23.540246,104.198.218.190,10.1.10.11,TLSv1.2,126,Application Data
10374,23.565115,10.1.10.11,104.198.218.190,TLSv1.2,983,Application Data
10403,23.644461,10.1.10.11,104.198.218.190,TLSv1.2,983,Application Data
10404,23.644638,104.198.218.190,10.1.10.11,TLSv1.2,323,Application Data
10420,23.690314,104.198.218.190,10.1.10.11,TLSv1.2,127,Application Data
10445,23.733566,10.1.10.11,104.198.218.190,TLSv1.2,983,Application Data
10446,23.734391,104.198.218.190,10.1.10.11,TLSv1.2,396,"Application Data, Application Data"
10476,23.818704,10.1.10.11,104.198.218.190,TLSv1.2,983,Application Data
10498,23.868268,104.198.218.190,10.1.10.11,TLSv1.2,330,Application Data
10516,23.905491,10.1.10.11,104.198.218.190,TLSv1.2,983,Application Data
10518,23.914626,104.198.218.190,10.1.10.11,TLSv1.2,121,Application Data
10547,23.986923,10.1.10.11,104.198.218.190,TLSv1.2,983,Application Data
10584,24.072686,10.1.10.11,104.198.218.190,TLSv1.2,983,Application Data
10607,24.14268,104.198.218.190,10.1.10.11,TLSv1.2,330,Application Data
10616,24.155831,10.1.10.11,104.198.218.190,TLSv1.2,983,Application Data
10624,24.19268,104.198.218.190,10.1.10.11,TLSv1.2,120,Application Data
10648,24.242472,10.1.10.11,104.198.218.190,TLSv1.2,983,Application Data
10678,24.324626,10.1.10.11,104.198.218.190,TLSv1.2,983,Application Data
10708,24.413086,10.1.10.11,104.198.218.190,TLSv1.2,983,Application Data
10743,24.509229,10.1.10.11,104.198.218.190,TLSv1.2,983,Application Data
10770,24.582568,10.1.10.11,104.198.218.190,TLSv1.2,983,Application Data
10812,24.677491,10.1.10.11,104.198.218.190,TLSv1.2,983,Application Data
10821,24.694214,104.198.218.190,10.1.10.11,TLSv1.2,330,Application Data
10851,24.738993,104.198.218.190,10.1.10.11,TLSv1.2,131,Application Data
10865,24.753755,10.1.10.11,104.198.218.190,TLSv1.2,983,Application Data
10876,24.7826,104.198.218.190,10.1.10.11,TLSv1.2,408,"Application Data, Application Data"
10910,24.842573,10.1.10.11,104.198.218.190,TLSv1.2,983,Application Data
10917,24.850259,104.198.218.190,10.1.10.11,TLSv1.2,330,Application Data
10935,24.897806,104.198.218.190,10.1.10.11,TLSv1.2,136,Application Data
10958,24.942487,104.198.218.190,10.1.10.11,TLSv1.2,1144,"Application Data, Application Data, Application Data, Application Data, Application Data, Application Data"
10966,24.949,10.1.10.11,104.198.218.190,TLSv1.2,983,Application Data
10995,25.013525,10.1.10.11,104.198.218.190,TLSv1.2,983,Application Data
11107,25.091163,104.198.218.190,10.1.10.11,TLSv1.2,346,Application Data
11118,25.09501,10.1.10.11,104.198.218.190,TLSv1.2,983,Application Data
11149,25.134259,104.198.218.190,10.1.10.11,TLSv1.2,127,Application Data
11174,25.183053,10.1.10.11,104.198.218.190,TLSv1.2,983,Application Data
11177,25.194133,104.198.218.190,10.1.10.11,TLSv1.2,346,Application Data
11199,25.238414,104.198.218.190,10.1.10.11,TLSv1.2,130,Application Data
11212,25.262907,10.1.10.11,104.198.218.190,TLSv1.2,983,Application Data
11250,25.352742,10.1.10.11,104.198.218.190,TLSv1.2,983,Application Data
11275,25.429528,104.198.218.190,10.1.10.11,TLSv1.2,346,Application Data
11282,25.433301,10.1.10.11,104.198.218.190,TLSv1.2,983,Application Data
11294,25.474223,104.198.218.190,10.1.10.11,TLSv1.2,134,Application Data
11314,25.522462,10.1.10.11,104.198.218.190,TLSv1.2,983,Application Data
11317,25.52967,104.198.218.190,10.1.10.11,TLSv1.2,351,Application Data
11335,25.580193,104.198.218.190,10.1.10.11,TLSv1.2,129,Application Data
11348,25.603836,10.1.10.11,104.198.218.190,TLSv1.2,983,Application Data
11351,25.626683,104.198.218.190,10.1.10.11,TLSv1.2,429,"Application Data, Application Data"
11365,25.670012,104.198.218.190,10.1.10.11,TLSv1.2,429,"Application Data, Application Data"
11378,25.692986,10.1.10.11,104.198.218.190,TLSv1.2,983,Application Data
11417,25.787063,10.1.10.11,104.198.218.190,TLSv1.2,983,Application Data
11423,25.788749,104.198.218.190,10.1.10.11,TLSv1.2,361,Application Data
11436,25.836535,104.198.218.190,10.1.10.11,TLSv1.2,122,Application Data
11452,25.863044,10.1.10.11,104.198.218.190,TLSv1.2,983,Application Data
11479,25.951859,104.198.218.190,10.1.10.11,TLSv1.2,361,Application Data
11486,25.953315,10.1.10.11,104.198.218.190,TLSv1.2,983,Application Data
11499,26.000502,104.198.218.190,10.1.10.11,TLSv1.2,132,Application Data
11520,26.032726,10.1.10.11,104.198.218.190,TLSv1.2,983,Application Data
11527,26.063224,104.198.218.190,10.1.10.11,TLSv1.2,361,Application Data
11552,26.106599,104.198.218.190,10.1.10.11,TLSv1.2,523,"Application Data, Application Data, Application Data"
11564,26.122891,10.1.10.11,104.198.218.190,TLSv1.2,983,Application Data
11575,26.152609,104.198.218.190,10.1.10.11,TLSv1.2,442,"Application Data, Application Data"
11615,26.205839,10.1.10.11,104.198.218.190,TLSv1.2,983,Application Data
11620,26.225583,104.198.218.190,10.1.10.11,TLSv1.2,368,Application Data
11642,26.27261,104.198.218.190,10.1.10.11,TLSv1.2,521,"Application Data, Application Data, Application Data"
11659,26.293611,10.1.10.11,104.198.218.190,TLSv1.2,983,Application Data
11667,26.318821,104.198.218.190,10.1.10.11,TLSv1.2,447,"Application Data, Application Data"
11698,26.376779,10.1.10.11,104.198.218.190,TLSv1.2,983,Application Data
11700,26.378639,104.198.218.190,10.1.10.11,TLSv1.2,368,Application Data
11728,26.427303,104.198.218.190,10.1.10.11,TLSv1.2,532,"Application Data, Application Data, Application Data"
11762,26.462481,10.1.10.11,104.198.218.190,TLSv1.2,983,Application Data
11766,26.475958,104.198.218.190,10.1.10.11,TLSv1.2,451,"Application Data, Application Data"
11836,26.545471,10.1.10.11,104.198.218.190,TLSv1.2,983,Application Data
11841,26.551407,104.198.218.190,10.1.10.11,TLSv1.2,378,Application Data
11878,26.595146,104.198.218.190,10.1.10.11,TLSv1.2,130,Application Data
11905,26.634331,10.1.10.11,104.198.218.190,TLSv1.2,983,Application Data
11956,26.712404,10.1.10.11,104.198.218.190,TLSv1.2,983,Application Data
11961,26.720029,104.198.218.190,10.1.10.11,TLSv1.2,378,Application Data
11989,26.766321,104.198.218.190,10.1.10.11,TLSv1.2,134,Application Data
12012,26.802526,10.1.10.11,104.198.218.190,TLSv1.2,983,Application Data
12014,26.810751,104.198.218.190,10.1.10.11,TLSv1.2,1268,"Application Data, Application Data, Application Data, Application Data, Application Data, Application Data"
12048,26.882541,10.1.10.11,104.198.218.190,TLSv1.2,983,Application Data
12089,26.972615,10.1.10.11,104.198.218.190,TLSv1.2,983,Application Data
12090,26.974113,104.198.218.190,10.1.10.11,TLSv1.2,390,Application Data
12108,27.02257,104.198.218.190,10.1.10.11,TLSv1.2,123,Application Data
12128,27.069424,104.198.218.190,10.1.10.11,TLSv1.2,462,"Application Data, Application Data"
12135,27.069893,10.1.10.11,104.198.218.190,TLSv1.2,983,Application Data
12161,27.14247,10.1.10.11,104.198.218.190,TLSv1.2,983,Application Data
12196,27.221473,104.198.218.190,10.1.10.11,TLSv1.2,390,Application Data
12208,27.233007,10.1.10.11,104.198.218.190,TLSv1.2,983,Application Data
12221,27.264441,104.198.218.190,10.1.10.11,TLSv1.2,129,Application Data
12244,27.312381,10.1.10.11,104.198.218.190,TLSv1.2,983,Application Data
12245,27.313199,104.198.218.190,10.1.10.11,TLSv1.2,390,Application Data
12260,27.35838,104.198.218.190,10.1.10.11,TLSv1.2,546,"Application Data, Application Data, Application Data"
12270,27.402675,104.198.218.190,10.1.10.11,TLSv1.2,468,"Application Data, Application Data"
12277,27.406774,10.1.10.11,104.198.218.190,TLSv1.2,983,Application Data
12305,27.482708,10.1.10.11,104.198.218.190,TLSv1.2,983,Application Data
12312,27.497147,104.198.218.190,10.1.10.11,TLSv1.2,398,Application Data
12337,27.540287,104.198.218.190,10.1.10.11,TLSv1.2,127,Application Data
12363,27.578694,10.1.10.11,104.198.218.190,TLSv1.2,983,Application Data
12403,27.652489,10.1.10.11,104.198.218.190,TLSv1.2,983,Application Data
12413,27.691376,104.198.218.190,10.1.10.11,TLSv1.2,401,Application Data
12429,27.734506,104.198.218.190,10.1.10.11,TLSv1.2,127,Application Data
12438,27.745648,10.1.10.11,104.198.218.190,TLSv1.2,983,Application Data
12452,27.780348,104.198.218.190,10.1.10.11,TLSv1.2,896,"Application Data, Application Data, Application Data, Application Data"
12478,27.822853,10.1.10.11,104.198.218.190,TLSv1.2,983,Application Data
12509,27.898457,104.198.218.190,10.1.10.11,TLSv1.2,401,Application Data
12519,27.916284,10.1.10.11,104.198.218.190,TLSv1.2,983,Application Data
12528,27.946847,104.198.218.190,10.1.10.11,TLSv1.2,552,"Application Data, Application Data, Application Data"
12546,27.994925,104.198.218.190,10.1.10.11,TLSv1.2,407,Application Data
12553,28.000212,10.1.10.11,104.198.218.190,TLSv1.2,983,Application Data
12565,28.040307,104.198.218.190,10.1.10.11,TLSv1.2,129,Application Data
12586,28.082854,10.1.10.11,104.198.218.190,TLSv1.2,983,Application Data
12587,28.084554,104.198.218.190,10.1.10.11,TLSv1.2,482,"Application Data, Application Data"
12617,28.163225,10.1.10.11,104.198.218.190,TLSv1.2,983,Application Data
12618,28.163379,104.198.218.190,10.1.10.11,TLSv1.2,410,Application Data
12634,28.208624,104.198.218.190,10.1.10.11,TLSv1.2,566,"Application Data, Application Data, Application Data"
12649,28.252827,10.1.10.11,104.198.218.190,TLSv1.2,983,Application Data
12671,28.328442,104.198.218.190,10.1.10.11,TLSv1.2,410,Application Data
12681,28.344128,10.1.10.11,104.198.218.190,TLSv1.2,983,Application Data
12689,28.374199,104.198.218.190,10.1.10.11,TLSv1.2,135,Application Data
12709,28.422783,10.1.10.11,104.198.218.190,TLSv1.2,983,Application Data
12714,28.440255,104.198.218.190,10.1.10.11,TLSv1.2,413,Application Data
12726,28.484321,104.198.218.190,10.1.10.11,TLSv1.2,132,Application Data
12744,28.513207,10.1.10.11,104.198.218.190,TLSv1.2,983,Application Data
12749,28.53063,104.198.218.190,10.1.10.11,TLSv1.2,936,"Application Data, Application Data, Application Data, Application Data"
12768,28.589431,104.198.218.190,10.1.10.11,TLSv1.2,421,Application Data
12779,28.613752,10.1.10.11,104.198.218.190,TLSv1.2,983,Application Data
12782,28.636671,104.198.218.190,10.1.10.11,TLSv1.2,129,Application Data
12809,28.683647,10.1.10.11,104.198.218.190,TLSv1.2,983,Application Data
12839,28.763252,10.1.10.11,104.198.218.190,TLSv1.2,983,Application Data
12840,28.763977,104.198.218.190,10.1.10.11,TLSv1.2,426,Application Data
12864,28.810507,104.198.218.190,10.1.10.11,TLSv1.2,126,Application Data
12886,28.860704,10.1.10.11,104.198.218.190,TLSv1.2,983,Application Data
12888,28.862615,104.198.218.190,10.1.10.11,TLSv1.2,430,Application Data
12912,28.910763,104.198.218.190,10.1.10.11,TLSv1.2,122,Application Data
12931,28.933101,10.1.10.11,104.198.218.190,TLSv1.2,983,Application Data
12947,28.963864,104.198.218.190,10.1.10.11,TLSv1.2,948,"Application Data, Application Data, Application Data, Application Data"
12976,29.027447,104.198.218.190,10.1.10.11,TLSv1.2,430,Application Data
12984,29.02836,10.1.10.11,104.198.218.190,TLSv1.2,983,Application Data
12998,29.073083,104.198.218.190,10.1.10.11,TLSv1.2,126,Application Data
13020,29.103117,10.1.10.11,104.198.218.190,TLSv1.2,983,Application Data
13024,29.116544,104.198.218.190,10.1.10.11,TLSv1.2,505,"Application Data, Application Data"
13046,29.162816,104.198.218.190,10.1.10.11,TLSv1.2,505,"Application Data, Application Data"
13058,29.193567,10.1.10.11,104.198.218.190,TLSv1.2,983,Application Data
13093,29.272819,10.1.10.11,104.198.218.190,TLSv1.2,983,Application Data
13118,29.362828,10.1.10.11,104.198.218.190,TLSv1.2,983,Application Data
13119,29.3652,104.198.218.190,10.1.10.11,TLSv1.2,435,Application Data
13138,29.412606,104.198.218.190,10.1.10.11,TLSv1.2,130,Application Data
13153,29.448021,10.1.10.11,104.198.218.190,TLSv1.2,983,Application Data
13178,29.534702,10.1.10.11,104.198.218.190,TLSv1.2,983,Application Data
13180,29.538458,104.198.218.190,10.1.10.11,TLSv1.2,435,Application Data
13204,29.585296,104.198.218.190,10.1.10.11,TLSv1.2,133,Application Data
13221,29.622522,10.1.10.11,104.198.218.190,TLSv1.2,983,Application Data
13222,29.632765,104.198.218.190,10.1.10.11,TLSv1.2,514,"Application Data, Application Data"
13248,29.704367,10.1.10.11,104.198.218.190,TLSv1.2,983,Application Data
13285,29.793286,10.1.10.11,104.198.218.190,TLSv1.2,983,Application Data
13326,29.87372,10.1.10.11,104.198.218.190,TLSv1.2,983,Application Data
13381,29.96305,10.1.10.11,104.198.218.190,TLSv1.2,983,Application Data
13437,30.043433,10.1.10.11,104.198.218.190,TLSv1.2,983,Application Data
13444,30.052683,104.198.218.190,10.1.10.11,TLSv1.2,444,Application Data
13465,30.098401,104.198.218.190,10.1.10.11,TLSv1.2,128,Application Data
13485,30.132709,10.1.10.11,104.198.218.190,TLSv1.2,983,Application Data
13490,30.145466,104.198.218.190,10.1.10.11,TLSv1.2,518,"Application Data, Application Data"
13516,30.213138,10.1.10.11,104.198.218.190,TLSv1.2,983,Application Data
13519,30.215107,104.198.218.190,10.1.10.11,TLSv1.2,453,Application Data
13534,30.26235,104.198.218.190,10.1.10.11,TLSv1.2,591,"Application Data, Application Data, Application Data"
13550,30.303131,10.1.10.11,104.198.218.190,TLSv1.2,983,Application Data
13555,30.309113,104.198.218.190,10.1.10.11,TLSv1.2,524,"Application Data, Application Data"
13585,30.382486,10.1.10.11,104.198.218.190,TLSv1.2,983,Application Data
13588,30.39324,104.198.218.190,10.1.10.11,TLSv1.2,453,Application Data
13607,30.437189,104.198.218.190,10.1.10.11,TLSv1.2,128,Application Data
13631,30.477198,10.1.10.11,104.198.218.190,TLSv1.2,983,Application Data
13673,30.552468,10.1.10.11,104.198.218.190,TLSv1.2,983,Application Data
13720,30.63682,104.198.218.190,10.1.10.11,TLSv1.2,453,Application Data
13729,30.64665,10.1.10.11,104.198.218.190,TLSv1.2,983,Application Data
13746,30.680292,104.198.218.190,10.1.10.11,TLSv1.2,133,Application Data
13770,30.722551,10.1.10.11,104.198.218.190,TLSv1.2,983,Application Data
13777,30.732156,104.198.218.190,10.1.10.11,TLSv1.2,453,Application Data
13801,30.784925,104.198.218.190,10.1.10.11,TLSv1.2,134,Application Data
13812,30.816097,10.1.10.11,104.198.218.190,TLSv1.2,983,Application Data
13815,30.831567,104.198.218.190,10.1.10.11,TLSv1.2,534,"Application Data, Application Data"
13851,30.902702,10.1.10.11,104.198.218.190,TLSv1.2,983,Application Data
13882,30.982832,10.1.10.11,104.198.218.190,TLSv1.2,983,Application Data
13924,31.07328,10.1.10.11,104.198.218.190,TLSv1.2,983,Application Data
13952,31.139171,104.198.218.190,10.1.10.11,TLSv1.2,466,Application Data
13970,31.157891,10.1.10.11,104.198.218.190,TLSv1.2,983,Application Data
13980,31.185465,104.198.218.190,10.1.10.11,TLSv1.2,605,"Application Data, Application Data, Application Data"
14003,31.242768,10.1.10.11,104.198.218.190,TLSv1.2,983,Application Data
14009,31.254817,104.198.218.190,10.1.10.11,TLSv1.2,466,Application Data
14031,31.29829,104.198.218.190,10.1.10.11,TLSv1.2,129,Application Data
14046,31.325451,10.1.10.11,104.198.218.190,TLSv1.2,983,Application Data
14058,31.342901,104.198.218.190,10.1.10.11,TLSv1.2,542,"Application Data, Application Data"
14084,31.390567,104.198.218.190,10.1.10.11,TLSv1.2,541,"Application Data, Application Data"
14100,31.412827,10.1.10.11,104.198.218.190,TLSv1.2,983,Application Data
14107,31.435123,104.198.218.190,10.1.10.11,TLSv1.2,541,"Application Data, Application Data"
14127,31.480201,104.198.218.190,10.1.10.11,TLSv1.2,542,"Application Data, Application Data"
14140,31.496504,10.1.10.11,104.198.218.190,TLSv1.2,983,Application Data
14178,31.582975,10.1.10.11,104.198.218.190,TLSv1.2,983,Application Data
14182,31.589723,104.198.218.190,10.1.10.11,TLSv1.2,473,Application Data
14204,31.635351,104.198.218.190,10.1.10.11,TLSv1.2,126,Application Data
14218,31.663314,10.1.10.11,104.198.218.190,TLSv1.2,983,Application Data
14224,31.679341,104.198.218.190,10.1.10.11,TLSv1.2,545,"Application Data, Application Data"
14256,31.746653,104.198.218.190,10.1.10.11,TLSv1.2,476,Application Data
14276,31.753284,10.1.10.11,104.198.218.190,TLSv1.2,983,Application Data
14300,31.793036,104.198.218.190,10.1.10.11,TLSv1.2,126,Application Data
14341,31.832572,10.1.10.11,104.198.218.190,TLSv1.2,983,Application Data
14388,31.922712,10.1.10.11,104.198.218.190,TLSv1.2,983,Application Data
14414,32.002567,10.1.10.11,104.198.218.190,TLSv1.2,983,Application Data
14425,32.026523,104.198.218.190,10.1.10.11,TLSv1.2,481,Application Data
14453,32.0711,104.198.218.190,10.1.10.11,TLSv1.2,121,Application Data
14465,32.093967,10.1.10.11,104.198.218.190,TLSv1.2,983,Application Data
14473,32.116004,104.198.218.190,10.1.10.11,TLSv1.2,553,"Application Data, Application Data"
14529,32.185525,10.1.10.11,104.198.218.190,TLSv1.2,983,Application Data
14582,32.266382,10.1.10.11,104.198.218.190,TLSv1.2,983,Application Data
14595,32.29131,104.198.218.190,10.1.10.11,TLSv1.2,487,Application Data
14636,32.334596,104.198.218.190,10.1.10.11,TLSv1.2,120,Application Data
14653,32.374462,10.1.10.11,104.198.218.190,TLSv1.2,983,Application Data
14688,32.435612,10.1.10.11,104.198.218.190,TLSv1.2,983,Application Data
14722,32.522631,10.1.10.11,104.198.218.190,TLSv1.2,983,Application Data
14749,32.602835,10.1.10.11,104.198.218.190,TLSv1.2,983,Application Data
14775,32.684816,104.198.218.190,10.1.10.11,TLSv1.2,492,Application Data
14784,32.692533,10.1.10.11,104.198.218.190,TLSv1.2,983,Application Data
14810,32.772576,10.1.10.11,104.198.218.190,TLSv1.2,983,Application Data
14838,32.857089,104.198.218.190,10.1.10.11,TLSv1.2,492,Application Data
14847,32.862439,10.1.10.11,104.198.218.190,TLSv1.2,983,Application Data
14862,32.902541,104.198.218.190,10.1.10.11,TLSv1.2,127,Application Data
14888,32.944708,10.1.10.11,104.198.218.190,TLSv1.2,983,Application Data
14893,32.952316,104.198.218.190,10.1.10.11,TLSv1.2,492,Application Data
14935,32.996312,104.198.218.190,10.1.10.11,TLSv1.2,132,Application Data
14954,33.032619,10.1.10.11,104.198.218.190,TLSv1.2,983,Application Data
14987,33.112805,10.1.10.11,104.198.218.190,TLSv1.2,983,Application Data
15025,33.198976,104.198.218.190,10.1.10.11,TLSv1.2,492,Application Data
15032,33.20257,10.1.10.11,104.198.218.190,TLSv1.2,983,Application Data
15054,33.248852,104.198.218.190,10.1.10.11,TLSv1.2,134,Application Data
15078,33.282546,10.1.10.11,104.198.218.190,TLSv1.2,983,Application Data
15118,33.371409,104.198.218.190,10.1.10.11,TLSv1.2,504,Application Data
15126,33.377777,10.1.10.11,104.198.218.190,TLSv1.2,983,Application Data
15144,33.414478,104.198.218.190,10.1.10.11,TLSv1.2,122,Application Data
15171,33.461406,104.198.218.190,10.1.10.11,TLSv1.2,575,"Application Data, Application Data"
15178,33.46534,10.1.10.11,104.198.218.190,TLSv1.2,983,Application Data
15228,33.543958,10.1.10.11,104.198.218.190,TLSv1.2,983,Application Data
15281,33.631522,104.198.218.190,10.1.10.11,TLSv1.2,504,Application Data
15288,33.633667,10.1.10.11,104.198.218.190,TLSv1.2,983,Application Data
15321,33.675032,104.198.218.190,10.1.10.11,TLSv1.2,128,Application Data
15365,33.713024,10.1.10.11,104.198.218.190,TLSv1.2,983,Application Data
15372,33.719111,104.198.218.190,10.1.10.11,TLSv1.2,579,"Application Data, Application Data"
15422,33.793134,104.198.218.190,10.1.10.11,TLSv1.2,511,Application Data
15438,33.810893,10.1.10.11,104.198.218.190,TLSv1.2,983,Application Data
15453,33.837393,104.198.218.190,10.1.10.11,TLSv1.2,122,Application Data
15484,33.883434,10.1.10.11,104.198.218.190,TLSv1.2,983,Application Data
15529,33.968118,104.198.218.190,10.1.10.11,TLSv1.2,511,Application Data
15536,33.972775,10.1.10.11,104.198.218.190,TLSv1.2,983,Application Data
15558,34.014258,104.198.218.190,10.1.10.11,TLSv1.2,655,"Application Data, Application Data, Application Data"
15579,34.055595,10.1.10.11,104.198.218.190,TLSv1.2,983,Application Data
15588,34.06317,104.198.218.190,10.1.10.11,TLSv1.2,586,"Application Data, Application Data"
15628,34.142784,10.1.10.11,104.198.218.190,TLSv1.2,983,Application Data
15664,34.22288,10.1.10.11,104.198.218.190,TLSv1.2,983,Application Data
15670,34.235725,104.198.218.190,10.1.10.11,TLSv1.2,518,Application Data
15690,34.280245,104.198.218.190,10.1.10.11,TLSv1.2,122,Application Data
15711,34.312638,10.1.10.11,104.198.218.190,TLSv1.2,983,Application Data
15746,34.392703,10.1.10.11,104.198.218.190,TLSv1.2,983,Application Data
15778,34.467086,104.198.218.190,10.1.10.11,TLSv1.2,518,Application Data
15789,34.482849,10.1.10.11,104.198.218.190,TLSv1.2,983,Application Data
15799,34.512558,104.198.218.190,10.1.10.11,TLSv1.2,130,Application Data
15832,34.563625,10.1.10.11,104.198.218.190,TLSv1.2,983,Application Data
15841,34.580701,104.198.218.190,10.1.10.11,TLSv1.2,525,Application Data
15862,34.625226,104.198.218.190,10.1.10.11,TLSv1.2,123,Application Data
15876,34.652701,10.1.10.11,104.198.218.190,TLSv1.2,983,Application Data
15902,34.738976,104.198.218.190,10.1.10.11,TLSv1.2,525,Application Data
15909,34.743394,10.1.10.11,104.198.218.190,TLSv1.2,983,Application Data
15918,34.784168,104.198.218.190,10.1.10.11,TLSv1.2,128,Application Data
15939,34.822891,10.1.10.11,104.198.218.190,TLSv1.2,983,Application Data
15992,34.990118,10.1.10.11,104.198.218.190,TLSv1.2,983,Application Data
15998,34.996868,10.1.10.11,104.198.218.190,TLSv1.2,983,Application Data
16057,35.085014,104.198.218.190,10.1.10.11,TLSv1.2,533,Application Data
16076,35.106741,10.1.10.11,104.198.218.190,TLSv1.2,983,Application Data
16086,35.129092,104.198.218.190,10.1.10.11,TLSv1.2,120,Application Data
16108,35.163239,10.1.10.11,104.198.218.190,TLSv1.2,983,Application Data
16149,35.252736,10.1.10.11,104.198.218.190,TLSv1.2,983,Application Data
16175,35.336027,104.198.218.190,10.1.10.11,TLSv1.2,538,Application Data
16182,35.339372,10.1.10.11,104.198.218.190,TLSv1.2,983,Application Data
16209,35.422608,10.1.10.11,104.198.218.190,TLSv1.2,983,Application Data
16234,35.50498,10.1.10.11,104.198.218.190,TLSv1.2,983,Application Data
16277,35.592688,10.1.10.11,104.198.218.190,TLSv1.2,983,Application Data
16320,35.673116,10.1.10.11,104.198.218.190,TLSv1.2,983,Application Data
16362,35.762418,10.1.10.11,104.198.218.190,TLSv1.2,983,Application Data
16365,35.766697,104.198.218.190,10.1.10.11,TLSv1.2,538,Application Data
16393,35.812497,104.198.218.190,10.1.10.11,TLSv1.2,121,Application Data
16412,35.845247,10.1.10.11,104.198.218.190,TLSv1.2,983,Application Data
16458,35.932641,10.1.10.11,104.198.218.190,TLSv1.2,983,Application Data
16460,35.93619,104.198.218.190,10.1.10.11,TLSv1.2,538,Application Data
16486,35.982671,104.198.218.190,10.1.10.11,TLSv1.2,677,"Application Data, Application Data, Application Data"
16512,36.029635,10.1.10.11,104.198.218.190,TLSv1.2,983,Application Data
16513,36.029734,104.198.218.190,10.1.10.11,TLSv1.2,607,"Application Data, Application Data"
16543,36.102807,10.1.10.11,104.198.218.190,TLSv1.2,983,Application Data
16546,36.115977,104.198.218.190,10.1.10.11,TLSv1.2,538,Application Data
16563,36.161397,104.198.218.190,10.1.10.11,TLSv1.2,123,Application Data
16573,36.193131,10.1.10.11,104.198.218.190,TLSv1.2,983,Application Data
16605,36.272876,10.1.10.11,104.198.218.190,TLSv1.2,983,Application Data
16641,36.362873,10.1.10.11,104.198.218.190,TLSv1.2,983,Application Data
16645,36.378107,104.198.218.190,10.1.10.11,TLSv1.2,538,Application Data
16661,36.422813,104.198.218.190,10.1.10.11,TLSv1.2,130,Application Data
16675,36.443103,10.1.10.11,104.198.218.190,TLSv1.2,983,Application Data
16723,36.532993,10.1.10.11,104.198.218.190,TLSv1.2,983,Application Data
16762,36.612925,10.1.10.11,104.198.218.190,TLSv1.2,983,Application Data
16791,36.695042,104.198.218.190,10.1.10.11,TLSv1.2,546,Application Data
16806,36.727296,10.1.10.11,104.198.218.190,TLSv1.2,983,Application Data
16807,36.741631,104.198.218.190,10.1.10.11,TLSv1.2,124,Application Data
16836,36.782899,10.1.10.11,104.198.218.190,TLSv1.2,983,Application Data
16878,36.872732,10.1.10.11,104.198.218.190,TLSv1.2,983,Application Data
16906,36.952778,10.1.10.11,104.198.218.190,TLSv1.2,983,Application Data
16941,37.044206,10.1.10.11,104.198.218.190,TLSv1.2,983,Application Data
16990,37.169696,10.1.10.11,104.198.218.190,TLSv1.2,983,Application Data
17043,37.234436,10.1.10.11,104.198.218.190,TLSv1.2,983,Application Data
17080,37.275124,104.198.218.190,10.1.10.11,TLSv1.2,555,Application Data
17100,37.307529,10.1.10.11,104.198.218.190,TLSv1.2,983,Application Data
17121,37.319167,104.198.218.190,10.1.10.11,TLSv1.2,126,Application Data
17178,37.382443,10.1.10.11,104.198.218.190,TLSv1.2,983,Application Data
17179,37.385038,104.198.218.190,10.1.10.11,TLSv1.2,555,Application Data
17203,37.430651,104.198.218.190,10.1.10.11,TLSv1.2,130,Application Data
17226,37.472448,10.1.10.11,104.198.218.190,TLSv1.2,983,Application Data
17236,37.496859,104.198.218.190,10.1.10.11,TLSv1.2,555,Application Data
17255,37.541922,104.198.218.190,10.1.10.11,TLSv1.2,132,Application Data
17275,37.557592,10.1.10.11,104.198.218.190,TLSv1.2,983,Application Data
17323,37.642381,10.1.10.11,104.198.218.190,TLSv1.2,983,Application Data
17325,37.645556,104.198.218.190,10.1.10.11,TLSv1.2,555,Application Data
17352,37.700733,104.198.218.190,10.1.10.11,TLSv1.2,1282,"Application Data, Application Data, Application Data, Application Data, Application Data"
17367,37.722485,10.1.10.11,104.198.218.190,TLSv1.2,983,Application Data
17376,37.746112,104.198.218.190,10.1.10.11,TLSv1.2,638,"Application Data, Application Data"
17403,37.817312,10.1.10.11,104.198.218.190,TLSv1.2,983,Application Data
17409,37.838335,104.198.218.190,10.1.10.11,TLSv1.2,555,Application Data
17426,37.886053,104.198.218.190,10.1.10.11,TLSv1.2,727,"Application Data, Application Data, Application Data"
17435,37.892408,10.1.10.11,104.198.218.190,TLSv1.2,983,Application Data
17445,37.931881,104.198.218.190,10.1.10.11,TLSv1.2,637,"Application Data, Application Data"
17469,37.986597,10.1.10.11,104.198.218.190,TLSv1.2,983,Application Data
17474,37.999247,104.198.218.190,10.1.10.11,TLSv1.2,555,Application Data
17490,38.043399,104.198.218.190,10.1.10.11,TLSv1.2,142,Application Data
17501,38.062617,10.1.10.11,104.198.218.190,TLSv1.2,983,Application Data
17534,38.153265,10.1.10.11,104.198.218.190,TLSv1.2,983,Application Data
17579,38.232999,10.1.10.11,104.198.218.190,TLSv1.2,983,Application Data
17585,38.245767,104.198.218.190,10.1.10.11,TLSv1.2,555,Application Data
17610,38.29276,104.198.218.190,10.1.10.11,TLSv1.2,733,"Application Data, Application Data, Application Data"
17627,38.32605,10.1.10.11,104.198.218.190,TLSv1.2,983,Application Data
17677,38.402756,10.1.10.11,104.198.218.190,TLSv1.2,983,Application Data
17714,38.459543,104.198.218.190,10.1.10.11,TLSv1.2,566,Application Data
17736,38.493907,10.1.10.11,104.198.218.190,TLSv1.2,983,Application Data
17742,38.506596,104.198.218.190,10.1.10.11,TLSv1.2,736,"Application Data, Application Data, Application Data"
17795,38.58253,10.1.10.11,104.198.218.190,TLSv1.2,983,Application Data
17798,38.592634,104.198.218.190,10.1.10.11,TLSv1.2,582,Application Data
17829,38.640231,104.198.218.190,10.1.10.11,TLSv1.2,123,Application Data
17857,38.66416,10.1.10.11,104.198.218.190,TLSv1.2,983,Application Data
17867,38.685483,104.198.218.190,10.1.10.11,TLSv1.2,655,"Application Data, Application Data"
17909,38.753329,10.1.10.11,104.198.218.190,TLSv1.2,983,Application Data
17937,38.832939,10.1.10.11,104.198.218.190,TLSv1.2,983,Application Data
17942,38.843062,104.198.218.190,10.1.10.11,TLSv1.2,582,Application Data
17964,38.890127,104.198.218.190,10.1.10.11,TLSv1.2,733,"Application Data, Application Data, Application Data"
17986,38.923403,10.1.10.11,104.198.218.190,TLSv1.2,983,Application Data
17991,38.939969,104.198.218.190,10.1.10.11,TLSv1.2,660,"Application Data, Application Data"
18039,39.00245,10.1.10.11,104.198.218.190,TLSv1.2,983,Application Data
18075,39.058354,104.198.218.190,10.1.10.11,TLSv1.2,590,Application Data
18093,39.092554,10.1.10.11,104.198.218.190,TLSv1.2,983,Application Data
18112,39.105448,104.198.218.190,10.1.10.11,TLSv1.2,734,"Application Data, Application Data, Application Data"
18162,39.17276,10.1.10.11,104.198.218.190,TLSv1.2,983,Application Data
18183,39.200689,104.198.218.190,10.1.10.11,TLSv1.2,590,Application Data
18209,39.2492,104.198.218.190,10.1.10.11,TLSv1.2,129,Application Data
18253,39.263896,10.1.10.11,104.198.218.190,TLSv1.2,983,Application Data
18287,39.292753,104.198.218.190,10.1.10.11,TLSv1.2,667,"Application Data, Application Data"
18312,39.342762,10.1.10.11,104.198.218.190,TLSv1.2,983,Application Data
18381,39.425696,104.198.218.190,10.1.10.11,TLSv1.2,590,Application Data
18391,39.432945,10.1.10.11,104.198.218.190,TLSv1.2,983,Application Data
18416,39.469313,104.198.218.190,10.1.10.11,TLSv1.2,132,Application Data
18446,39.512767,104.198.218.190,10.1.10.11,TLSv1.2,668,"Application Data, Application Data"
18452,39.513156,10.1.10.11,104.198.218.190,TLSv1.2,983,Application Data
18503,39.607885,10.1.10.11,104.198.218.190,TLSv1.2,983,Application Data
18505,39.613613,104.198.218.190,10.1.10.11,TLSv1.2,594,Application Data
18555,39.663315,104.198.218.190,10.1.10.11,TLSv1.2,130,Application Data
18576,39.68241,10.1.10.11,104.198.218.190,TLSv1.2,983,Application Data
18614,39.73608,104.198.218.190,10.1.10.11,TLSv1.2,594,Application Data
18636,39.774497,10.1.10.11,104.198.218.190,TLSv1.2,983,Application Data
18640,39.781673,104.198.218.190,10.1.10.11,TLSv1.2,133,Application Data
18665,39.830955,104.198.218.190,10.1.10.11,TLSv1.2,672,"Application Data, Application Data"
18685,39.862608,10.1.10.11,104.198.218.190,TLSv1.2,983,Application Data
18690,39.874837,104.198.218.190,10.1.10.11,TLSv1.2,676,"Application Data, Application Data"
18718,39.92104,104.198.218.190,10.1.10.11,TLSv1.2,675,"Application Data, Application Data"
18742,39.972915,10.1.10.11,104.198.218.190,TLSv1.2,983,Application Data
18748,40.011721,104.198.218.190,10.1.10.11,TLSv1.2,603,Application Data
18770,40.032462,10.1.10.11,104.198.218.190,TLSv1.2,983,Application Data
18778,40.055233,104.198.218.190,10.1.10.11,TLSv1.2,749,"Application Data, Application Data, Application Data"
18801,40.099122,104.198.218.190,10.1.10.11,TLSv1.2,672,"Application Data, Application Data"
18814,40.112435,10.1.10.11,104.198.218.190,TLSv1.2,983,Application Data
18821,40.143252,104.198.218.190,10.1.10.11,TLSv1.2,1308,"Application Data, Application Data, Application Data, Application Data"
18851,40.202986,10.1.10.11,104.198.218.190,TLSv1.2,983,Application Data
18892,40.287945,10.1.10.11,104.198.218.190,TLSv1.2,983,Application Data
18896,40.296561,104.198.218.190,10.1.10.11,TLSv1.2,603,Application Data
18921,40.340987,104.198.218.190,10.1.10.11,TLSv1.2,125,Application Data
18935,40.373191,10.1.10.11,104.198.218.190,TLSv1.2,983,Application Data
18965,40.453243,10.1.10.11,104.198.218.190,TLSv1.2,983,Application Data
18966,40.455523,104.198.218.190,10.1.10.11,TLSv1.2,607,Application Data
18984,40.503884,104.198.218.190,10.1.10.11,TLSv1.2,132,Application Data
19005,40.542922,10.1.10.11,104.198.218.190,TLSv1.2,983,Application Data
19010,40.560565,104.198.218.190,10.1.10.11,TLSv1.2,607,Application Data
19035,40.605195,104.198.218.190,10.1.10.11,TLSv1.2,135,Application Data
19049,40.62251,10.1.10.11,104.198.218.190,TLSv1.2,983,Application Data
19059,40.650943,104.198.218.190,10.1.10.11,TLSv1.2,1323,"Application Data, Application Data, Application Data, Application Data"
19091,40.713341,10.1.10.11,104.198.218.190,TLSv1.2,983,Application Data
19096,40.720718,104.198.218.190,10.1.10.11,TLSv1.2,613,Application Data
19118,40.767509,104.198.218.190,10.1.10.11,TLSv1.2,130,Application Data
19139,40.792901,10.1.10.11,104.198.218.190,TLSv1.2,983,Application Data
19144,40.810901,104.198.218.190,10.1.10.11,TLSv1.2,692,"Application Data, Application Data"
19189,40.882974,10.1.10.11,104.198.218.190,TLSv1.2,983,Application Data
19223,40.962598,10.1.10.11,104.198.218.190,TLSv1.2,983,Application Data
19239,41.000694,104.198.218.190,10.1.10.11,TLSv1.2,624,Application Data
19263,41.045701,104.198.218.190,10.1.10.11,TLSv1.2,122,Application Data
19273,41.053055,10.1.10.11,104.198.218.190,TLSv1.2,983,Application Data
19292,41.091555,104.198.218.190,10.1.10.11,TLSv1.2,696,"Application Data, Application Data"
19324,41.142894,10.1.10.11,104.198.218.190,TLSv1.2,983,Application Data
19350,41.223483,10.1.10.11,104.198.218.190,TLSv1.2,983,Application Data
19384,41.312562,10.1.10.11,104.198.218.190,TLSv1.2,983,Application Data
19418,41.392663,10.1.10.11,104.198.218.190,TLSv1.2,983,Application Data
19456,41.494604,104.198.218.190,10.1.10.11,TLSv1.2,624,Application Data
19466,41.504505,10.1.10.11,104.198.218.190,TLSv1.2,983,Application Data
19480,41.540942,104.198.218.190,10.1.10.11,TLSv1.2,131,Application Data
19498,41.562961,10.1.10.11,104.198.218.190,TLSv1.2,983,Application Data
19526,41.640099,104.198.218.190,10.1.10.11,TLSv1.2,624,Application Data
19536,41.652642,10.1.10.11,104.198.218.190,TLSv1.2,983,Application Data
19542,41.6861,104.198.218.190,10.1.10.11,TLSv1.2,126,Application Data
19562,41.732479,10.1.10.11,104.198.218.190,TLSv1.2,983,Application Data
19592,41.823153,10.1.10.11,104.198.218.190,TLSv1.2,983,Application Data
19623,41.902737,10.1.10.11,104.198.218.190,TLSv1.2,983,Application Data
19661,41.992711,10.1.10.11,104.198.218.190,TLSv1.2,983,Application Data
19702,42.072857,10.1.10.11,104.198.218.190,TLSv1.2,983,Application Data
19736,42.16265,10.1.10.11,104.198.218.190,TLSv1.2,983,Application Data
19741,42.170494,104.198.218.190,10.1.10.11,TLSv1.2,635,Application Data
19777,42.242631,10.1.10.11,104.198.218.190,TLSv1.2,983,Application Data
19781,42.257118,104.198.218.190,10.1.10.11,TLSv1.2,624,Application Data
19800,42.300995,104.198.218.190,10.1.10.11,TLSv1.2,142,Application Data
19816,42.339794,10.1.10.11,104.198.218.190,TLSv1.2,983,Application Data
19846,42.42401,10.1.10.11,104.198.218.190,TLSv1.2,983,Application Data
19880,42.50966,10.1.10.11,104.198.218.190,TLSv1.2,983,Application Data
19886,42.526085,104.198.218.190,10.1.10.11,TLSv1.2,624,Application Data
19909,42.571744,104.198.218.190,10.1.10.11,TLSv1.2,804,"Application Data, Application Data, Application Data"
19921,42.595663,10.1.10.11,104.198.218.190,TLSv1.2,983,Application Data
19955,42.672565,10.1.10.11,104.198.218.190,TLSv1.2,983,Application Data
19997,42.762547,10.1.10.11,104.198.218.190,TLSv1.2,983,Application Data
20035,42.842956,10.1.10.11,104.198.218.190,TLSv1.2,983,Application Data
20043,42.861279,104.198.218.190,10.1.10.11,TLSv1.2,651,Application Data
20075,42.933103,10.1.10.11,104.198.218.190,TLSv1.2,983,Application Data
20120,43.018874,10.1.10.11,104.198.218.190,TLSv1.2,983,Application Data
20152,43.103888,10.1.10.11,104.198.218.190,TLSv1.2,983,Application Data
20182,43.182602,10.1.10.11,104.198.218.190,TLSv1.2,983,Application Data
20213,43.273009,10.1.10.11,104.198.218.190,TLSv1.2,983,Application Data
20246,43.359901,10.1.10.11,104.198.218.190,TLSv1.2,983,Application Data
20279,43.442784,10.1.10.11,104.198.218.190,TLSv1.2,983,Application Data
20319,43.526188,10.1.10.11,104.198.218.190,TLSv1.2,983,Application Data
20359,43.612516,10.1.10.11,104.198.218.190,TLSv1.2,983,Application Data
20389,43.705331,10.1.10.11,104.198.218.190,TLSv1.2,983,Application Data
20418,43.783132,10.1.10.11,104.198.218.190,TLSv1.2,983,Application Data
20447,43.874784,10.1.10.11,104.198.218.190,TLSv1.2,983,Application Data
20474,43.952658,10.1.10.11,104.198.218.190,TLSv1.2,983,Application Data
20503,44.04326,10.1.10.11,104.198.218.190,TLSv1.2,983,Application Data
20530,44.122802,10.1.10.11,104.198.218.190,TLSv1.2,983,Application Data
20561,44.213026,10.1.10.11,104.198.218.190,TLSv1.2,983,Application Data
20590,44.292847,10.1.10.11,104.198.218.190,TLSv1.2,983,Application Data
20624,44.387077,10.1.10.11,104.198.218.190,TLSv1.2,983,Application Data
20650,44.462789,10.1.10.11,104.198.218.190,TLSv1.2,983,Application Data
20683,44.556338,10.1.10.11,104.198.218.190,TLSv1.2,983,Application Data
20710,44.632883,10.1.10.11,104.198.218.190,TLSv1.2,983,Application Data
20747,44.725743,10.1.10.11,104.198.218.190,TLSv1.2,983,Application Data
20776,44.80329,10.1.10.11,104.198.218.190,TLSv1.2,983,Application Data
20812,44.89264,10.1.10.11,104.198.218.190,TLSv1.2,983,Application Data
20841,44.982648,10.1.10.11,104.198.218.190,TLSv1.2,983,Application Data
20879,45.087591,10.1.10.11,104.198.218.190,TLSv1.2,983,Application Data
20915,45.152783,10.1.10.11,104.198.218.190,TLSv1.2,983,Application Data
20917,45.155829,104.198.218.190,10.1.10.11,TLSv1.2,651,Application Data
20948,45.206043,104.198.218.190,10.1.10.11,TLSv1.2,122,Application Data
20962,45.234285,10.1.10.11,104.198.218.190,TLSv1.2,983,Application Data
20982,45.282784,104.198.218.190,10.1.10.11,TLSv1.2,651,Application Data
21006,45.32317,10.1.10.11,104.198.218.190,TLSv1.2,983,Application Data
21009,45.326774,104.198.218.190,10.1.10.11,TLSv1.2,123,Application Data
21057,45.406979,10.1.10.11,104.198.218.190,TLSv1.2,983,Application Data
21089,45.478089,104.198.218.190,10.1.10.11,TLSv1.2,651,Application Data
21103,45.492832,10.1.10.11,104.198.218.190,TLSv1.2,983,Application Data
21112,45.522188,104.198.218.190,10.1.10.11,TLSv1.2,134,Application Data
21135,45.572403,10.1.10.11,104.198.218.190,TLSv1.2,983,Application Data
21138,45.575565,104.198.218.190,10.1.10.11,TLSv1.2,1406,"Application Data, Application Data, Application Data, Application Data"
21158,45.623312,104.198.218.190,10.1.10.11,TLSv1.2,1417,"Application Data, Application Data, Application Data, Application Data"
21179,45.662323,10.1.10.11,104.198.218.190,TLSv1.2,983,Application Data
21216,45.74255,10.1.10.11,104.198.218.190,TLSv1.2,983,Application Data
21260,45.832971,10.1.10.11,104.198.218.190,TLSv1.2,983,Application Data
21268,45.853358,104.198.218.190,10.1.10.11,TLSv1.2,651,Application Data
21290,45.89897,104.198.218.190,10.1.10.11,TLSv1.2,133,Application Data
21301,45.912653,10.1.10.11,104.198.218.190,TLSv1.2,983,Application Data
21311,45.942864,104.198.218.190,10.1.10.11,TLSv1.2,733,"Application Data, Application Data"
21336,46.003304,10.1.10.11,104.198.218.190,TLSv1.2,983,Application Data
21415,46.082447,10.1.10.11,104.198.218.190,TLSv1.2,983,Application Data
21422,46.109735,104.198.218.190,10.1.10.11,TLSv1.2,651,Application Data
21453,46.158008,104.198.218.190,10.1.10.11,TLSv1.2,146,Application Data
21462,46.173318,10.1.10.11,104.198.218.190,TLSv1.2,983,Application Data
21493,46.263824,10.1.10.11,104.198.218.190,TLSv1.2,983,Application Data
21497,46.269387,104.198.218.190,10.1.10.11,TLSv1.2,651,Application Data
21512,46.312765,104.198.218.190,10.1.10.11,TLSv1.2,143,Application Data
21525,46.34324,10.1.10.11,104.198.218.190,TLSv1.2,983,Application Data
21535,46.369341,104.198.218.190,10.1.10.11,TLSv1.2,651,Application Data
21549,46.415619,104.198.218.190,10.1.10.11,TLSv1.2,149,Application Data
21564,46.434042,10.1.10.11,104.198.218.190,TLSv1.2,983,Application Data
21571,46.458989,104.198.218.190,10.1.10.11,TLSv1.2,746,"Application Data, Application Data"
21598,46.519182,10.1.10.11,104.198.218.190,TLSv1.2,983,Application Data
21630,46.603229,10.1.10.11,104.198.218.190,TLSv1.2,983,Application Data
21636,46.625488,104.198.218.190,10.1.10.11,TLSv1.2,651,Application Data
21657,46.669338,104.198.218.190,10.1.10.11,TLSv1.2,150,Application Data
21665,46.682905,10.1.10.11,104.198.218.190,TLSv1.2,983,Application Data
21672,46.712948,104.198.218.190,10.1.10.11,TLSv1.2,744,"Application Data, Application Data"
21692,46.75724,104.198.218.190,10.1.10.11,TLSv1.2,747,"Application Data, Application Data"
21702,46.773126,10.1.10.11,104.198.218.190,TLSv1.2,983,Application Data
21730,46.857201,10.1.10.11,104.198.218.190,TLSv1.2,983,Application Data
21736,46.880002,104.198.218.190,10.1.10.11,TLSv1.2,651,Application Data
21750,46.923275,104.198.218.190,10.1.10.11,TLSv1.2,153,Application Data
21759,46.942944,10.1.10.11,104.198.218.190,TLSv1.2,983,Application Data
21770,46.967177,104.198.218.190,10.1.10.11,TLSv1.2,1449,"Application Data, Application Data, Application Data, Application Data"
21793,47.026972,10.1.10.11,104.198.218.190,TLSv1.2,983,Application Data
21795,47.032535,104.198.218.190,10.1.10.11,TLSv1.2,651,Application Data
21815,47.081185,104.198.218.190,10.1.10.11,TLSv1.2,855,"Application Data, Application Data, Application Data"
21827,47.112954,10.1.10.11,104.198.218.190,TLSv1.2,983,Application Data
21850,47.194113,10.1.10.11,104.198.218.190,TLSv1.2,983,Application Data
21855,47.20951,104.198.218.190,10.1.10.11,TLSv1.2,676,Application Data
21874,47.253329,104.198.218.190,10.1.10.11,TLSv1.2,130,Application Data
21881,47.297411,104.198.218.190,10.1.10.11,TLSv1.2,753,"Application Data, Application Data"
21890,47.30675,10.1.10.11,104.198.218.190,TLSv1.2,983,Application Data
21922,47.36286,10.1.10.11,104.198.218.190,TLSv1.2,983,Application Data
21971,47.452421,10.1.10.11,104.198.218.190,TLSv1.2,983,Application Data
22020,47.549802,10.1.10.11,104.198.218.190,TLSv1.2,983,Application Data
22022,47.556572,104.198.218.190,10.1.10.11,TLSv1.2,686,Application Data
22054,47.601403,104.198.218.190,10.1.10.11,TLSv1.2,126,Application Data
22077,47.622755,10.1.10.11,104.198.218.190,TLSv1.2,983,Application Data
22093,47.647016,104.198.218.190,10.1.10.11,TLSv1.2,753,"Application Data, Application Data"
22123,47.691075,104.198.218.190,10.1.10.11,TLSv1.2,762,"Application Data, Application Data"
22143,47.712878,10.1.10.11,104.198.218.190,TLSv1.2,983,Application Data
22168,47.770856,104.198.218.190,10.1.10.11,TLSv1.2,686,Application Data
22199,47.792916,10.1.10.11,104.198.218.190,TLSv1.2,983,Application Data
22216,47.815292,104.198.218.190,10.1.10.11,TLSv1.2,134,Application Data
22240,47.859101,104.198.218.190,10.1.10.11,TLSv1.2,764,"Application Data, Application Data"
22256,47.884259,10.1.10.11,104.198.218.190,TLSv1.2,983,Application Data
22273,47.898623,104.198.218.190,10.1.10.11,TLSv1.2,1474,"Application Data, Application Data, Application Data"
22277,47.908098,104.198.218.190,10.1.10.11,TLSv1.2,61,Application Data
22318,47.962928,10.1.10.11,104.198.218.190,TLSv1.2,983,Application Data
22323,47.985613,104.198.218.190,10.1.10.11,TLSv1.2,692,Application Data
22348,48.031277,104.198.218.190,10.1.10.11,TLSv1.2,131,Application Data
22359,48.055272,10.1.10.11,104.198.218.190,TLSv1.2,983,Application Data
22366,48.075426,104.198.218.190,10.1.10.11,TLSv1.2,771,"Application Data, Application Data"
22397,48.138291,10.1.10.11,104.198.218.190,TLSv1.2,983,Application Data
22434,48.222582,10.1.10.11,104.198.218.190,TLSv1.2,983,Application Data
22439,48.225743,104.198.218.190,10.1.10.11,TLSv1.2,697,Application Data
22469,48.273081,104.198.218.190,10.1.10.11,TLSv1.2,128,Application Data
22491,48.308083,10.1.10.11,104.198.218.190,TLSv1.2,983,Application Data
22497,48.322401,104.198.218.190,10.1.10.11,TLSv1.2,775,"Application Data, Application Data"
22546,48.393276,10.1.10.11,104.198.218.190,TLSv1.2,983,Application Data
22590,48.473469,10.1.10.11,104.198.218.190,TLSv1.2,983,Application Data
22604,48.506669,104.198.218.190,10.1.10.11,TLSv1.2,697,Application Data
22634,48.551181,104.198.218.190,10.1.10.11,TLSv1.2,134,Application Data
22645,48.562656,10.1.10.11,104.198.218.190,TLSv1.2,983,Application Data
22658,48.582194,104.198.218.190,10.1.10.11,TLSv1.2,1474,"Application Data, Application Data, Application Data"
22668,48.594833,104.198.218.190,10.1.10.11,TLSv1.2,82,Application Data
22703,48.642666,10.1.10.11,104.198.218.190,TLSv1.2,983,Application Data
22727,48.693919,104.198.218.190,10.1.10.11,TLSv1.2,710,Application Data
22742,48.732963,10.1.10.11,104.198.218.190,TLSv1.2,983,Application Data
22748,48.737537,104.198.218.190,10.1.10.11,TLSv1.2,122,Application Data
22765,48.789591,104.198.218.190,10.1.10.11,TLSv1.2,782,"Application Data, Application Data"
22779,48.822768,10.1.10.11,104.198.218.190,TLSv1.2,983,Application Data
22818,48.848522,104.198.218.190,10.1.10.11,TLSv1.2,710,Application Data
22853,48.897569,104.198.218.190,10.1.10.11,TLSv1.2,125,Application Data
22862,48.90278,10.1.10.11,104.198.218.190,TLSv1.2,983,Application Data
22898,48.992592,10.1.10.11,104.198.218.190,TLSv1.2,983,Application Data
22930,49.073261,10.1.10.11,104.198.218.190,TLSv1.2,983,Application Data
22939,49.117598,104.198.218.190,10.1.10.11,TLSv1.2,710,Application Data
22957,49.160932,104.198.218.190,10.1.10.11,TLSv1.2,130,Application Data
22964,49.16283,10.1.10.11,104.198.218.190,TLSv1.2,983,Application Data
22990,49.242569,10.1.10.11,104.198.218.190,TLSv1.2,983,Application Data
23005,49.271456,104.198.218.190,10.1.10.11,TLSv1.2,710,Application Data
23019,49.317469,104.198.218.190,10.1.10.11,TLSv1.2,134,Application Data
23055,49.33447,10.1.10.11,104.198.218.190,TLSv1.2,983,Application Data
23078,49.361895,104.198.218.190,10.1.10.11,TLSv1.2,790,"Application Data, Application Data"
23111,49.413383,10.1.10.11,104.198.218.190,TLSv1.2,983,Application Data
23124,49.425703,104.198.218.190,10.1.10.11,TLSv1.2,720,Application Data
23142,49.443057,104.198.218.190,10.1.10.11,TLSv1.2,1474,"Application Data, Application Data, Application Data"
23156,49.471082,104.198.218.190,10.1.10.11,TLSv1.2,189,"Application Data, Application Data"
23174,49.514133,10.1.10.11,104.198.218.190,TLSv1.2,983,Application Data
23176,49.515146,104.198.218.190,10.1.10.11,TLSv1.2,795,"Application Data, Application Data"
23201,49.582751,10.1.10.11,104.198.218.190,TLSv1.2,983,Application Data
23207,49.60338,104.198.218.190,10.1.10.11,TLSv1.2,720,Application Data
23226,49.647164,104.198.218.190,10.1.10.11,TLSv1.2,130,Application Data
23241,49.67258,10.1.10.11,104.198.218.190,TLSv1.2,983,Application Data
23253,49.691807,104.198.218.190,10.1.10.11,TLSv1.2,796,"Application Data, Application Data"
23295,49.759327,10.1.10.11,104.198.218.190,TLSv1.2,983,Application Data
23299,49.772859,104.198.218.190,10.1.10.11,TLSv1.2,725,Application Data
23319,49.817243,104.198.218.190,10.1.10.11,TLSv1.2,128,Application Data
23331,49.844142,10.1.10.11,104.198.218.190,TLSv1.2,983,Application Data
23335,49.856971,104.198.218.190,10.1.10.11,TLSv1.2,1474,"Application Data, Application Data, Application Data"
23341,49.864995,104.198.218.190,10.1.10.11,TLSv1.2,128,Application Data
23366,49.923485,10.1.10.11,104.198.218.190,TLSv1.2,983,Application Data
23371,49.92921,104.198.218.190,10.1.10.11,TLSv1.2,729,Application Data
23384,49.97296,104.198.218.190,10.1.10.11,TLSv1.2,129,Application Data
23410,50.013338,10.1.10.11,104.198.218.190,TLSv1.2,983,Application Data
23440,50.102618,10.1.10.11,104.198.218.190,TLSv1.2,983,Application Data
23441,50.110813,104.198.218.190,10.1.10.11,TLSv1.2,729,Application Data
23454,50.155101,104.198.218.190,10.1.10.11,TLSv1.2,887,"Application Data, Application Data, Application Data"
23470,50.184101,10.1.10.11,104.198.218.190,TLSv1.2,983,Application Data
23476,50.198859,104.198.218.190,10.1.10.11,TLSv1.2,809,"Application Data, Application Data"
23512,50.272374,10.1.10.11,104.198.218.190,TLSv1.2,983,Application Data
23518,50.282719,104.198.218.190,10.1.10.11,TLSv1.2,735,Application Data
23533,50.329186,104.198.218.190,10.1.10.11,TLSv1.2,883,"Application Data, Application Data, Application Data"
23546,50.355485,10.1.10.11,104.198.218.190,TLSv1.2,983,Application Data
23550,50.375597,104.198.218.190,10.1.10.11,TLSv1.2,812,"Application Data, Application Data"
23579,50.442751,10.1.10.11,104.198.218.190,TLSv1.2,983,Application Data
23611,50.522567,10.1.10.11,104.198.218.190,TLSv1.2,983,Application Data
23614,50.536376,104.198.218.190,10.1.10.11,TLSv1.2,743,Application Data
23628,50.581092,104.198.218.190,10.1.10.11,TLSv1.2,123,Application Data
23645,50.612685,10.1.10.11,104.198.218.190,TLSv1.2,983,Application Data
23648,50.630887,104.198.218.190,10.1.10.11,TLSv1.2,743,Application Data
23663,50.67464,104.198.218.190,10.1.10.11,TLSv1.2,127,Application Data
23675,50.692983,10.1.10.11,104.198.218.190,TLSv1.2,983,Application Data
23683,50.724657,104.198.218.190,10.1.10.11,TLSv1.2,743,Application Data
23700,50.769229,104.198.218.190,10.1.10.11,TLSv1.2,129,Application Data
23709,50.782517,10.1.10.11,104.198.218.190,TLSv1.2,983,Application Data
23741,50.86287,10.1.10.11,104.198.218.190,TLSv1.2,983,Application Data
23743,50.871944,104.198.218.190,10.1.10.11,TLSv1.2,748,Application Data
23763,50.917009,104.198.218.190,10.1.10.11,TLSv1.2,123,Application Data
23778,50.952775,10.1.10.11,104.198.218.190,TLSv1.2,983,Application Data
23779,50.963436,104.198.218.190,10.1.10.11,TLSv1.2,820,"Application Data, Application Data"
23813,51.032637,10.1.10.11,104.198.218.190,TLSv1.2,983,Application Data
23843,51.12997,10.1.10.11,104.198.218.190,TLSv1.2,983,Application Data
23844,51.130795,104.198.218.190,10.1.10.11,TLSv1.2,751,Application Data
23860,51.17915,104.198.218.190,10.1.10.11,TLSv1.2,897,"Application Data, Application Data, Application Data"
23871,51.202911,10.1.10.11,104.198.218.190,TLSv1.2,983,Application Data
23903,51.293132,10.1.10.11,104.198.218.190,TLSv1.2,983,Application Data
23929,51.383353,10.1.10.11,104.198.218.190,TLSv1.2,983,Application Data
23932,51.393123,104.198.218.190,10.1.10.11,TLSv1.2,756,Application Data
23950,51.437043,104.198.218.190,10.1.10.11,TLSv1.2,127,Application Data
23968,51.46754,10.1.10.11,104.198.218.190,TLSv1.2,983,Application Data
23970,51.478346,104.198.218.190,10.1.10.11,TLSv1.2,1474,"Application Data, Application Data"
23975,51.48427,104.198.218.190,10.1.10.11,TLSv1.2,178,"Application Data, Application Data"
23998,51.550981,104.198.218.190,10.1.10.11,TLSv1.2,759,Application Data
24005,51.555852,10.1.10.11,104.198.218.190,TLSv1.2,983,Application Data
24017,51.597335,104.198.218.190,10.1.10.11,TLSv1.2,902,"Application Data, Application Data, Application Data"
24038,51.632575,10.1.10.11,104.198.218.190,TLSv1.2,983,Application Data
24068,51.722636,10.1.10.11,104.198.218.190,TLSv1.2,983,Application Data
24070,51.735015,104.198.218.190,10.1.10.11,TLSv1.2,762,Application Data
24085,51.778937,104.198.218.190,10.1.10.11,TLSv1.2,124,Application Data
24101,51.804537,10.1.10.11,104.198.218.190,TLSv1.2,983,Application Data
24116,51.843198,104.198.218.190,10.1.10.11,TLSv1.2,762,Application Data
24131,51.884029,104.198.218.190,10.1.10.11,TLSv1.2,1474,"Application Data, Application Data, Application Data"
24136,51.88945,104.198.218.190,10.1.10.11,TLSv1.2,275,"Application Data, Application Data"
24143,51.892699,10.1.10.11,104.198.218.190,TLSv1.2,983,Application Data
24171,51.973381,10.1.10.11,104.198.218.190,TLSv1.2,983,Application Data
24180,51.994428,104.198.218.190,10.1.10.11,TLSv1.2,762,Application Data
24195,52.041067,104.198.218.190,10.1.10.11,TLSv1.2,135,Application Data
24207,52.06332,10.1.10.11,104.198.218.190,TLSv1.2,983,Application Data
24239,52.142557,10.1.10.11,104.198.218.190,TLSv1.2,983,Application Data
24241,52.161532,104.198.218.190,10.1.10.11,TLSv1.2,771,Application Data
24258,52.20589,104.198.218.190,10.1.10.11,TLSv1.2,916,"Application Data, Application Data, Application Data"
24277,52.232707,10.1.10.11,104.198.218.190,TLSv1.2,983,Application Data
24303,52.313113,10.1.10.11,104.198.218.190,TLSv1.2,983,Application Data
24329,52.402638,10.1.10.11,104.198.218.190,TLSv1.2,983,Application Data
24340,52.435489,104.198.218.190,10.1.10.11,TLSv1.2,779,Application Data
24361,52.480706,104.198.218.190,10.1.10.11,TLSv1.2,121,Application Data
24368,52.482541,10.1.10.11,104.198.218.190,TLSv1.2,983,Application Data
24388,52.539619,104.198.218.190,10.1.10.11,TLSv1.2,779,Application Data
24404,52.572488,10.1.10.11,104.198.218.190,TLSv1.2,983,Application Data
24407,52.583359,104.198.218.190,10.1.10.11,TLSv1.2,919,"Application Data, Application Data, Application Data"
24426,52.648496,104.198.218.190,10.1.10.11,TLSv1.2,852,"Application Data, Application Data"
24437,52.674383,10.1.10.11,104.198.218.190,TLSv1.2,983,Application Data
24465,52.746781,10.1.10.11,104.198.218.190,TLSv1.2,983,Application Data
24472,52.773142,104.198.218.190,10.1.10.11,TLSv1.2,782,Application Data
24490,52.821316,104.198.218.190,10.1.10.11,TLSv1.2,128,Application Data
24501,52.83278,10.1.10.11,104.198.218.190,TLSv1.2,983,Application Data
24505,52.865207,104.198.218.190,10.1.10.11,TLSv1.2,858,"Application Data, Application Data"
24527,52.91763,10.1.10.11,104.198.218.190,TLSv1.2,983,Application Data
24532,52.933746,104.198.218.190,10.1.10.11,TLSv1.2,782,Application Data
24549,52.982423,104.198.218.190,10.1.10.11,TLSv1.2,932,"Application Data, Application Data, Application Data"
24562,53.002949,10.1.10.11,104.198.218.190,TLSv1.2,983,Application Data
24594,53.083511,10.1.10.11,104.198.218.190,TLSv1.2,983,Application Data
24601,53.091982,104.198.218.190,10.1.10.11,TLSv1.2,788,Application Data
24617,53.137324,104.198.218.190,10.1.10.11,TLSv1.2,927,"Application Data, Application Data, Application Data"
24631,53.173245,10.1.10.11,104.198.218.190,TLSv1.2,983,Application Data
24633,53.181642,104.198.218.190,10.1.10.11,TLSv1.2,859,"Application Data, Application Data"
24660,53.25266,10.1.10.11,104.198.218.190,TLSv1.2,983,Application Data
24685,53.336798,104.198.218.190,10.1.10.11,TLSv1.2,791,Application Data
24693,53.342669,10.1.10.11,104.198.218.190,TLSv1.2,983,Application Data
24703,53.381391,104.198.218.190,10.1.10.11,TLSv1.2,125,Application Data
24725,53.428733,10.1.10.11,104.198.218.190,TLSv1.2,983,Application Data
24728,53.445787,104.198.218.190,10.1.10.11,TLSv1.2,791,Application Data
24743,53.489764,104.198.218.190,10.1.10.11,TLSv1.2,128,Application Data
24757,53.513029,10.1.10.11,104.198.218.190,TLSv1.2,983,Application Data
24763,53.538904,104.198.218.190,10.1.10.11,TLSv1.2,866,"Application Data, Application Data"
24788,53.597696,10.1.10.11,104.198.218.190,TLSv1.2,983,Application Data
24818,53.68296,10.1.10.11,104.198.218.190,TLSv1.2,983,Application Data
24819,53.687168,104.198.218.190,10.1.10.11,TLSv1.2,798,Application Data
24830,53.736982,104.198.218.190,10.1.10.11,TLSv1.2,122,Application Data
24848,53.763043,10.1.10.11,104.198.218.190,TLSv1.2,983,Application Data
24857,53.799714,104.198.218.190,10.1.10.11,TLSv1.2,798,Application Data
24871,53.843173,104.198.218.190,10.1.10.11,TLSv1.2,125,Application Data
24883,53.85294,10.1.10.11,104.198.218.190,TLSv1.2,983,Application Data
24895,53.88735,104.198.218.190,10.1.10.11,TLSv1.2,871,"Application Data, Application Data"
24897,53.898187,104.198.218.190,10.1.10.11,TLSv1.2,1474,"Application Data, Application Data"
24910,53.932002,104.198.218.190,10.1.10.11,TLSv1.2,268,"Application Data, Application Data"
24922,53.943303,10.1.10.11,104.198.218.190,TLSv1.2,983,Application Data
24930,53.976429,104.198.218.190,10.1.10.11,TLSv1.2,801,Application Data
24949,54.022437,10.1.10.11,104.198.218.190,TLSv1.2,983,Application Data
24950,54.024008,104.198.218.190,10.1.10.11,TLSv1.2,948,"Application Data, Application Data, Application Data"
24968,54.07418,104.198.218.190,10.1.10.11,TLSv1.2,878,"Application Data, Application Data"
24982,54.113168,10.1.10.11,104.198.218.190,TLSv1.2,983,Application Data
24988,54.135722,104.198.218.190,10.1.10.11,TLSv1.2,801,Application Data
25002,54.179035,104.198.218.190,10.1.10.11,TLSv1.2,131,Application Data
25012,54.192929,10.1.10.11,104.198.218.190,TLSv1.2,983,Application Data
25043,54.283548,10.1.10.11,104.198.218.190,TLSv1.2,983,Application Data
25062,54.341111,104.198.218.190,10.1.10.11,TLSv1.2,801,Application Data
25076,54.362861,10.1.10.11,104.198.218.190,TLSv1.2,983,Application Data
25081,54.38512,104.198.218.190,10.1.10.11,TLSv1.2,957,"Application Data, Application Data, Application Data"
25099,54.42952,104.198.218.190,10.1.10.11,TLSv1.2,883,"Application Data, Application Data"
25108,54.452622,10.1.10.11,104.198.218.190,TLSv1.2,983,Application Data
25113,54.475577,104.198.218.190,10.1.10.11,TLSv1.2,885,"Application Data, Application Data"
25142,54.532787,10.1.10.11,104.198.218.190,TLSv1.2,983,Application Data
25149,54.561061,104.198.218.190,10.1.10.11,TLSv1.2,810,Application Data
25166,54.605086,104.198.218.190,10.1.10.11,TLSv1.2,134,Application Data
25178,54.624693,10.1.10.11,104.198.218.190,TLSv1.2,983,Application Data
25206,54.702991,10.1.10.11,104.198.218.190,TLSv1.2,983,Application Data
25210,54.722345,104.198.218.190,10.1.10.11,TLSv1.2,810,Application Data
25227,54.765959,104.198.218.190,10.1.10.11,TLSv1.2,136,Application Data
25240,54.793274,10.1.10.11,104.198.218.190,TLSv1.2,983,Application Data
25264,54.87306,10.1.10.11,104.198.218.190,TLSv1.2,983,Application Data
25274,54.911643,104.198.218.190,10.1.10.11,TLSv1.2,817,Application Data
25290,54.955047,104.198.218.190,10.1.10.11,TLSv1.2,129,Application Data
25299,54.962918,10.1.10.11,104.198.218.190,TLSv1.2,983,Application Data
25303,54.972119,104.198.218.190,10.1.10.11,TLSv1.2,1474,"Application Data, Application Data"
25309,54.999097,104.198.218.190,10.1.10.11,TLSv1.2,319,"Application Data, Application Data"
25327,55.042622,10.1.10.11,104.198.218.190,TLSv1.2,983,Application Data
25360,55.138255,10.1.10.11,104.198.218.190,TLSv1.2,983,Application Data
25389,55.223073,10.1.10.11,104.198.218.190,TLSv1.2,983,Application Data
25417,55.307049,10.1.10.11,104.198.218.190,TLSv1.2,983,Application Data
25457,55.392899,10.1.10.11,104.198.218.190,TLSv1.2,983,Application Data
25460,55.400159,104.198.218.190,10.1.10.11,TLSv1.2,817,Application Data
25484,55.447075,104.198.218.190,10.1.10.11,TLSv1.2,141,Application Data
25500,55.473091,10.1.10.11,104.198.218.190,TLSv1.2,983,Application Data
25508,55.49143,104.198.218.190,10.1.10.11,TLSv1.2,905,"Application Data, Application Data"
25546,55.562951,10.1.10.11,104.198.218.190,TLSv1.2,983,Application Data
25549,55.563685,104.198.218.190,10.1.10.11,TLSv1.2,837,Application Data
25570,55.613164,104.198.218.190,10.1.10.11,TLSv1.2,975,"Application Data, Application Data, Application Data"
25585,55.643813,10.1.10.11,104.198.218.190,TLSv1.2,983,Application Data
25595,55.684458,104.198.218.190,10.1.10.11,TLSv1.2,837,Application Data
25616,55.727158,104.198.218.190,10.1.10.11,TLSv1.2,128,Application Data
25624,55.732434,10.1.10.11,104.198.218.190,TLSv1.2,983,Application Data
25653,55.812799,10.1.10.11,104.198.218.190,TLSv1.2,983,Application Data
25683,55.903041,10.1.10.11,104.198.218.190,TLSv1.2,983,Application Data
25712,55.98277,10.1.10.11,104.198.218.190,TLSv1.2,983,Application Data
25744,56.072722,10.1.10.11,104.198.218.190,TLSv1.2,983,Application Data
25745,56.074423,104.198.218.190,10.1.10.11,TLSv1.2,837,Application Data
25765,56.119024,104.198.218.190,10.1.10.11,TLSv1.2,131,Application Data
25788,56.152808,10.1.10.11,104.198.218.190,TLSv1.2,983,Application Data
25831,56.242605,10.1.10.11,104.198.218.190,TLSv1.2,983,Application Data
25841,56.261345,104.198.218.190,10.1.10.11,TLSv1.2,850,Application Data
25869,56.305322,104.198.218.190,10.1.10.11,TLSv1.2,124,Application Data
25884,56.350416,104.198.218.190,10.1.10.11,TLSv1.2,919,"Application Data, Application Data"
25891,56.3515,10.1.10.11,104.198.218.190,TLSv1.2,983,Application Data
25925,56.412864,10.1.10.11,104.198.218.190,TLSv1.2,983,Application Data
25962,56.574915,10.1.10.11,172.217.6.238,TLSv1.2,548,Application Data
25970,56.593865,172.217.6.238,10.1.10.11,TLSv1.2,110,Application Data
25971,56.593867,172.217.6.238,10.1.10.11,TLSv1.2,127,Application Data
25972,56.593868,172.217.6.238,10.1.10.11,TLSv1.2,100,Application Data
25974,56.595057,10.1.10.11,172.217.6.238,TLSv1.2,100,Application Data
25977,56.60805,10.1.10.11,172.217.6.238,TLSv1.2,575,Application Data
25979,56.624548,172.217.6.238,10.1.10.11,TLSv1.2,105,Application Data
25980,56.62455,172.217.6.238,10.1.10.11,TLSv1.2,127,Application Data
25981,56.62455,172.217.6.238,10.1.10.11,TLSv1.2,100,Application Data
25983,56.627322,10.1.10.11,172.217.6.238,TLSv1.2,100,Application Data
25985,56.636756,10.1.10.11,172.217.6.238,TLSv1.2,548,Application Data
25990,56.654702,172.217.6.238,10.1.10.11,TLSv1.2,105,Application Data
25992,56.655358,172.217.6.238,10.1.10.11,TLSv1.2,127,Application Data
25993,56.65536,172.217.6.238,10.1.10.11,TLSv1.2,100,Application Data
25995,56.655736,10.1.10.11,172.217.6.238,TLSv1.2,100,Application Data
25996,56.660561,10.1.10.11,172.217.6.238,TLSv1.2,576,Application Data
26002,56.662878,10.1.10.11,104.198.218.190,TLSv1.2,983,Application Data
26008,56.663523,10.1.10.11,104.198.218.190,TLSv1.2,983,Application Data
26011,56.676984,172.217.6.238,10.1.10.11,TLSv1.2,105,Application Data
26012,56.676985,172.217.6.238,10.1.10.11,TLSv1.2,127,Application Data
26014,56.677464,172.217.6.238,10.1.10.11,TLSv1.2,100,Application Data
26018,56.678303,10.1.10.11,172.217.6.238,TLSv1.2,100,Application Data
26044,56.742408,10.1.10.11,104.198.218.190,TLSv1.2,983,Application Data
26052,56.752844,10.1.10.11,104.198.218.190,TLSv1.2,983,Application Data
26106,56.843556,10.1.10.11,104.198.218.190,TLSv1.2,983,Application Data
26127,56.923369,10.1.10.11,104.198.218.190,TLSv1.2,983,Application Data
26141,56.979203,104.198.218.190,10.1.10.11,TLSv1.2,858,Application Data
26152,57.020652,10.1.10.11,104.198.218.190,TLSv1.2,983,Application Data
26160,57.061378,104.198.218.190,10.1.10.11,TLSv1.2,858,Application Data
26177,57.092689,10.1.10.11,104.198.218.190,TLSv1.2,983,Application Data
26178,57.105867,104.198.218.190,10.1.10.11,TLSv1.2,120,Application Data
26197,57.174449,104.198.218.190,10.1.10.11,TLSv1.2,858,Application Data
26205,57.182644,10.1.10.11,104.198.218.190,TLSv1.2,983,Application Data
26207,57.218161,104.198.218.190,10.1.10.11,TLSv1.2,123,Application Data
26221,57.261495,104.198.218.190,10.1.10.11,TLSv1.2,927,"Application Data, Application Data"
26228,57.262862,10.1.10.11,104.198.218.190,TLSv1.2,983,Application Data
26234,57.30552,104.198.218.190,10.1.10.11,TLSv1.2,927,"Application Data, Application Data"
26252,57.34928,104.198.218.190,10.1.10.11,TLSv1.2,930,"Application Data, Application Data"
26259,57.352804,10.1.10.11,104.198.218.190,TLSv1.2,983,Application Data
26279,57.432992,10.1.10.11,104.198.218.190,TLSv1.2,983,Application Data
26286,57.457353,104.198.218.190,10.1.10.11,TLSv1.2,858,Application Data
26311,57.50189,104.198.218.190,10.1.10.11,TLSv1.2,1005,"Application Data, Application Data, Application Data"
26324,57.523089,10.1.10.11,104.198.218.190,TLSv1.2,983,Application Data
26361,57.602805,10.1.10.11,104.198.218.190,TLSv1.2,983,Application Data
26391,57.693081,10.1.10.11,104.198.218.190,TLSv1.2,983,Application Data
26394,57.707177,104.198.218.190,10.1.10.11,TLSv1.2,858,Application Data
26409,57.751815,104.198.218.190,10.1.10.11,TLSv1.2,134,Application Data
26422,57.782747,10.1.10.11,104.198.218.190,TLSv1.2,983,Application Data
26428,57.797551,104.198.218.190,10.1.10.11,TLSv1.2,938,"Application Data, Application Data"
26452,57.863404,10.1.10.11,104.198.218.190,TLSv1.2,983,Application Data
26505,57.953725,10.1.10.11,104.198.218.190,TLSv1.2,983,Application Data
26511,57.968166,104.198.218.190,10.1.10.11,TLSv1.2,858,Application Data
26516,57.980271,10.1.10.11,104.198.218.190,TLSv1.2,89,Application Data
26538,58.011841,104.198.218.190,10.1.10.11,TLSv1.2,137,Application Data
26547,58.025359,104.198.218.190,10.1.10.11,TLSv1.2,85,Application Data
